ID,ADRESS,CORD
20000787,"WIEJSKA 9, 87300, BRODNICA","53.2614495, 19.3954432"
20002730,"WIENIECKA 49, 87800, WŁOCŁAWEK","52.6599158, 19.0330848"
20003719,"NIESZAWSKA 6, 87600, LIPNO","52.84137519999999, 19.1574149"
20005854,"SADOWA 26A, 63400, OSTRÓW WIELKOPOLSKI","51.6263758, 17.8136148"
061/200028,"UL. STEFANA OKRZEI 1A, 03715, WARSZAWA","52.2488549, 21.0298143"
063/200302,"ALEJE STEFANA BATOREGO 88, 33300, NOWY SĄCZ","49.6077424, 20.7012819"
70000993,"ARMII KRAJOWEJ 2/4, 05800, PRUSZKÓW","52.1591509, 20.8180976"
08R/20497,"OSIEDLE XXX LECIA 21, 47303, KRAPKOWICE","50.4916792, 17.9717699"
09R/010016,"UL. TADEUSZA CZACKIEGO 3, 35051, RZESZÓW","50.0292268, 21.9976139"
09R/010017,"UL. WARZYWNA 3, 35310, RZESZÓW","50.0331296, 22.0136736"
09R/010022,"UL. DĄBROWSKIEGO 10, 38100, STRZYŻÓW","49.8675587, 21.7872494"
09R/010044,"UL. FRYDERYKA SZOPENA 2, 35055, RZESZÓW","50.0358368, 22.0085197"
09R/030798,"UL. JANA PAWŁA II 181, 35317, RZESZÓW","49.9779053, 21.9930867"
100000055,"KONSTYTUCJI 3 MAJA 34, 19200, GRAJEWO","53.6457121, 22.4701765"
126/100036,"UL. 3 MAJA 13-15, 41800, ZABRZE","50.3015027, 18.7850404"
126/112510,"UL. ZYGMUNTA STAREGO 20, 44100, GLIWICE","50.290326, 18.6565478"
126/210943,"UL. ZYGMUNTA STAREGO 20, 44100, GLIWICE","50.290326, 18.6565478"
130000189,"PREZYDENTA STEFANA ARTWIŃSKIEGO 3, 25734, KIELCE","50.87066489999999, 20.5990222"
130000783,"JAGIELLOŃSKA 13, 25613, KIELCE","50.8817965, 20.6153357"
130003237,"SZPITALNA 4, 27500, OPATÓW","50.8043383, 21.4251156"
140000823,"ŻOŁNIERSKA 18A, 10561, OLSZTYN","53.7677269, 20.4957734"
121/100521,"UL. GLIWICKA 37, 43180, ORZESZE","50.1555887, 18.7760325"
121/208224,"UL. ZIOŁOWA 45/47, 40635, KATOWICE","50.2112318, 18.9975604"
121/210772,"UL. FABRYCZNA 13D, 40611, KATOWICE","50.2178252, 18.9877891"
121/212415,"UL. ZAŁĘSKA 9, 40595, KATOWICE","50.2365863, 18.9794809"
123/207579,"ALEJA WOLNOŚCI 34, 42200, CZĘSTOCHOWA","50.8066606, 19.117467"
124/100310,"UL. 26 MARCA 51, 44300, WODZISŁAW ŚLĄSKI","50.0097795, 18.4626849"
150000016,"MOSSEGO 17, 62065, GRODZISK WIELKOPOLSKI","52.2282249, 16.3685783"
150000024,"ALEJA WOLNOŚCI 4, 63500, OSTRZESZÓW","51.425756, 17.9273546"
150000038,"JURASZÓW 7-19, 60479, POZNAŃ-JEŻYCE","52.43938989999999, 16.906236"
150002064,"WOLICA 113, 62872, GODZIESZE MAŁE","51.69919780000001, 18.149303"
70001080,"KRASIŃSKIEGO 54/56, 01755, WARSZAWA","52.2614004, 20.9646825"
70001192,"PŁOCKA 26, 01138, WARSZAWA","52.23610009999999, 20.9659096"
70001266,"MOCHNACKIEGO 10, 02042, WARSZAWA","52.21749579999999, 20.984297"
70001439,"KOMISJI EDUKACJI NARODOWEJ 1, 07200, WYSZKÓW","52.5860954, 21.4440419"
70001667,"KOŚCIUSZKI 15, 07100, WĘGRÓW","52.3992732, 22.0203498"
100000360,"SZPITALNA 8, 17300, SIEMIATYCZE","52.4214742, 22.8632133"
100000504,"SZPITALNA 5, 18200, WYSOKIE MAZOWIECKIE","52.9156138, 22.5209548"
100002129,"PAPIEŻA JANA PAWŁA II 3, 18300, ZAMBRÓW","52.98838629999999, 22.2544032"
000003,"UL. SREBRNIKI 17, 80282, GDAŃSK","54.3761522, 18.5776841"
3101109,"UL. BOROWSKA 213, 50556, WROCŁAW","51.0734038, 17.0310001"
3201001,"UL. JANA PAWŁA II 2, 57320, POLANICA-ZDRÓJ","50.4079139, 16.4989101"
3201018,"UL. STEFANA OKRZEI 49, 57500, BYSTRZYCA KŁODZKA","50.2999893, 16.6538035"
3202027,"UL. MARII SKŁODOWSKIEJ-CURIE 3-7, 58160, ŚWIEBODZICE","50.85394040000001, 16.3222672"
3301039,"UL. TADEUSZA KOŚCIUSZKI 15, 67200, GŁOGÓW","51.6553377, 16.0770086"
3302043,"UL. SZPITALNA 3, 59400, JAWOR","51.0468293, 16.1985233"
150007613,"OSIEDLE BATOREGO 80A/L3, 60687, POZNAŃ","52.464096, 16.9196465"
150008909,"CZĘSTOCHOWSKA 71-75, 62800, KALISZ","51.7467629, 18.0962588"
160002572,"LEGNICKA 48/BUD F, 54202, WROCŁAW","51.116781, 16.9959327"
70600864,"SIELECKA 22, 00738, WARSZAWA","52.2049259, 21.0393629"
70604447,"SEWERYNA GOSZCZYŃSKIEGO 1, 02616, WARSZAWA","52.1953172, 21.0213997"
08R/20356,"UL. SKŁODOWSKIEJ-CURIE 23, 46200, KLUCZBORK","50.96711999999999, 18.2168318"
08R/20361,"UL. BOHATERÓW WARSZAWY 34, 48300, NYSA","50.4710411, 17.3290681"
210796,"UL. RUDZKA 34/36, 95030, RZGÓW","51.67384389999999, 19.4791601"
220350,"UL. WARSZAWSKA 62A, 98100, ŁASK","51.59070699999999, 19.1532131"
30002945,"OKOPOWA 3, 20022, LUBLIN","51.2454135, 22.5574113"
102409,"UL. LEGNICKA 48 F, 54202, WROCŁAW","51.1166977, 16.995508"
102583,"UL. HENRYKA MICHAŁA KAMIEŃSKIEGO 73A, 51124, WROCŁAW","51.1505201, 17.0444346"
102737,"UL. EDWARDA BOROWSKIEGO 2A -3, 66400, GORZÓW WIELKOPOLSKI","52.7370321, 15.2364697"
30000090,"SZPITALNA 2, 08530, DĘBLIN","51.5547045, 21.8533171"
30000107,"JÓZEFA BEMA 1, 24100, PUŁAWY","51.42189399999999, 21.974993"
061/100152,"UL. SZPITALNA 2, 32400, MYŚLENICE","49.8289578, 19.9463047"
065/100193,"UL. MARII SKŁODOWSKIEJ-CURIE 1, 33100, TARNÓW","50.0120309, 20.998467"
70000966,"NARUTOWICZA 80, 05400, OTWOCK","52.106562, 21.3035417"
70000969,"DALEKA 11, 05825, GRODZISK MAZOWIECKI","52.0961201, 20.6165799"
09R/010010,"UL. ŻEROMSKIEGO 22, 39300, MIELEC","50.2884249, 21.4375291"
09R/010014,"UL. SZPITALNA 16, 37200, PRZEWORSK","50.064608, 22.4776129"
09R/030318,"UL. KS. STANISŁAWA STASZICA 3, 38400, KROSNO","49.69087829999999, 21.7687516"
09R/030680,"UL. STANISŁAWA MONIUSZKI 8, 35017, RZESZÓW","50.0381534, 21.9989168"
09R/030944,"UL. WITOLDA 6B, 35302, RZESZÓW","50.0311365, 22.0402056"
126/100535,"UL. DWORCOWA 31, 44145, PILCHOWICE","50.2150944, 18.5631728"
130002123,"KLONOWA 55G, 25553, KIELCE","50.890784, 20.6366071"
140000789,"LEŚNA 1, 13200, DZIAŁDOWO","53.242104, 20.1927353"
140001140,"AMERYKA 21, 11015, AMERYKA","53.6174571, 20.3175514"
121/100280,"UL. UZDROWISKOWA 54, 43230, GOCZAŁKOWICE-ZDRÓJ","49.9371533, 18.9798107"
121/210448,"UL. STRZELCÓW BYTOMSKICH 11, 41500, CHORZÓW","50.2923993, 18.9438947"
121/212090,"UL. WINCENTEGO LIPA 2, 41703, RUDA ŚLĄSKA","50.3148, 18.8893637"
122/100178,"UL. BIELSKA 4, 43400, CIESZYN","49.74471080000001, 18.6413965"
123/100147,"UL. BIALSKA 104/118, 42200, CZĘSTOCHOWA","50.8299745, 19.0895574"
124/210531,"UL. DĄBROWSKIEGO 20, 44240, ŻORY","50.0355194, 18.6831591"
140003832,"GEN. TADEUSZA KOŚCIUSZKI 30/2, 10504, OLSZTYN","53.7817307, 20.492453"
150000025,"ŚW.JANA 9, 62200, GNIEZNO","52.5383905, 17.5968797"
150000028,"LIMANOWSKIEGO 20/22, 63400, OSTRÓW WIELKOPOLSKI","51.6541981, 17.8243846"
70001094,"KASPRZAKA 17 A, 01211, WARSZAWA","52.2269863, 20.9702777"
70001194,"BANACHA 1A, 02097, WARSZAWA","52.20992039999999, 20.9842957"
70001662,"KS. J. BOSKO 5, 08300, SOKOŁÓW PODLASKI","52.407031, 22.2533607"
70001668,"SŁONECZNA 1, 08200, ŁOSICE","52.2146825, 22.7072801"
100000362,"OGRODOWA 12, 15027, BIAŁYSTOK","53.1347309, 23.1695618"
100000489,"WOJSKA POLSKIEGO 69, 18500, KOLNO","53.4122578, 21.921812"
100004129,"ZAMENHOFA 19, 15435, BIAŁYSTOK","53.1343141, 23.1599155"
000120,"UL. POWSTANIA STYCZNIOWEGO 1, 81519, GDYNIA","54.4888403, 18.5530456"
001236,"PL. KASZUBSKI 1, 81350, GDYNIA","54.5236284, 18.5432862"
3202112,"UL. CICHA 1, 58200, DZIERŻONIÓW","50.7286477, 16.6587761"
3302695,"UL. HOŻA 11, 59500, ZŁOTORYJA","51.1166045, 15.9095798"
20000671,"M.SKŁODOWSKIEJ-CURIE 9, 85094, BYDGOSZCZ","53.1272142, 18.0310401"
150004112,"GRUNWALDZKA 324, 60166, POZNAŃ","52.38399889999999, 16.837532"
150004192,"SŁOWACKIEGO 8, 60823, POZNAŃ-JEŻYCE","52.4099837, 16.9114894"
150006180,"POZNAŃSKA 79, 62800, KALISZ","51.7634137, 18.0650867"
160000378,"SPÓŁDZIELCZA 8, 78400, SZCZECINEK","53.705142, 16.7043444"
160000729,"KOŚCIUSZKI 58, 74400, DĘBNO","52.7314331, 14.7029"
70600229,"KACZA 8, 01013, WARSZAWA","52.2408131, 20.980148"
70603584,"- -, 05462, ZAGÓRZE","52.1991101, 21.2476659"
70604224,"SZTURMOWA 2, 02678, WARSZAWA","52.1698675, 21.0153473"
210234,"UL. MIKOŁAJA KOPERNIKA 38, 90552, ŁÓDŹ","51.7604733, 19.4441203"
230160,"UL. KOŚCIUSZKI 52, 99300, KUTNO","52.23977499999999, 19.3731323"
240295,"OS. ZAPIECEK 16, 97200, TOMASZÓW MAZOWIECKI","51.5281338, 20.0171924"
061/100025,"UL. MIKOŁAJA KOPERNIKA 13, 32100, PROSZOWICE","50.1854917, 20.2995458"
30000351,"DOKTORA ANDRZEJA ROGALIŃSKIEGO 3, 21400, ŁUKÓW","51.9247946, 22.3787434"
30000549,"SOBIESKIEGO 4, 22300, KRASNYSTAW","50.9834903, 23.1637417"
30000551,"ADAMPOL 37, 22200, ADAMPOL","51.5460486, 23.4626495"
30002763,"PLAC KOŚCIUSZKI 25, 22460, SZCZEBRZESZYN","50.6942418, 22.9782871"
30003638,"POLNA 9A, 22400, ZAMOŚĆ","50.7109069, 23.2824989"
30003697,"KRZYWA 13, 60118, POZNAŃ","52.3818127, 16.8866929"
102718,"UL. MŁYŃSKA 6, 66200, ŚWIEBODZIN","52.2520943, 15.5341552"
110056,"UL. DR. STEFANA KOPCIŃSKIEGO 22, 90153, ŁÓDŹ","51.7739194, 19.4829862"
20000788,"PLAC DR RYDYGIERA 1, 86200, CHEŁMNO","53.3446568, 18.4208503"
20000809,"SĄDOWA 18, 86100, ŚWIECIE","53.4081438, 18.4563914"
20002916,"BARSKA 13, 87800, WŁOCŁAWEK","52.6475613, 19.089041"
20003315,"LEGNICKA 48/BUSINESS, 54202, WROCŁAW","51.1176966, 16.9959085"
20005221,"UL. SZPITALNA 3F, 86065, RADZIEJÓW","52.61860619999999, 18.5165166"
30000092,"STASZICA 16, 20081, LUBLIN","51.2506587, 22.562557"
061/100036,"UL. GARNCARSKA 11, 31115, KRAKÓW","50.0613183, 19.9270722"
08R/20555,"UL. SKŁODOWSKIEJ-CURIE 21, 46200, KLUCZBORK","50.96874159999999, 18.2167177"
08R/20597,"UL. 3 MAJA 30, 47303, KRAPKOWICE","50.4885343, 17.9715907"
09R/010046,"UL. LWOWSKA 60, 35301, RZESZÓW","50.03521629999999, 22.0372236"
09R/030011,"UL. FRYDERYKA SZOPENA 1, 35055, RZESZÓW","50.035787, 22.009937"
09R/030156,"UL. JAGIELLOŃSKA 23/3, 35025, RZESZÓW","50.0346753, 21.9971456"
09R/030424,"UL. GEN. MARIANA LANGIEWICZA 61, 35021, RZESZÓW","50.0303632, 21.9781952"
09R/031360,"UL. ADAMA MICKIEWICZA 38, 37700, PRZEMYŚL","49.7824967, 22.7881531"
09R/031456,"UL. KORCZYŃSKA 43, 38400, KROSNO","49.7004205, 21.7853858"
100000078,"SZPITALNA 12, 16300, AUGUSTÓW","53.8513998, 22.9934527"
125/101002,"UL. SZPITALNA 13, 41300, DĄBROWA GÓRNICZA","50.3202741, 19.1767704"
126/212072,"UL. LIPOWA 3, 42600, TARNOWSKIE GÓRY","50.439377, 18.8575907"
126/212540,"UL. BYTOMSKA 22, 42606, TARNOWSKIE GÓRY","50.43811580000001, 18.8629983"
130000124,"BATALIONÓW CHŁOPSKICH 6, 27200, STARACHOWICE","51.0651193, 21.0735064"
130002597,"KOZIA 3A, 25514, KIELCE","50.87261489999999, 20.6310348"
140000158,"JANA AMOSA KOMEŃSKIEGO 35, 82300, ELBLĄG","54.1563784, 19.424828"
140000364,"SŁONECZNA 7, 19500, GOŁDAP","54.3094409, 22.3057207"
140000795,"JAGIELLOŃSKA 78, 10357, OLSZTYN","53.80672490000001, 20.5143298"
121/200586,"UL. ŻELAZNA 1, 40851, KATOWICE","50.2672112, 19.0083882"
122/100069,"ALEJA ARMII KRAJOWEJ 101, 43316, BIELSKO-BIAŁA","49.7916585, 19.039059"
124/214687,"UL. ALEJA ZJEDNOCZONEJ EUROPY 37, 44240, ŻORY","50.0343988, 18.6822664"
140001219,"WOLNOŚCI 12, 11700, MRĄGOWO","53.8793951, 21.3037821"
140001537,"3F 3F, 13200, MALINOWO","53.2435629, 20.2247097"
140001543,"JAGIEŁŁY 1, 14100, OSTRÓDA","53.6924946, 19.9747343"
140001577,"BRZOZOWA 14 A, 10177, OLSZTYN","53.7891476, 20.4410743"
140001867,"3 MAJA 38/3, 13300, NOWE MIASTO LUBAWSKIE","53.4245212, 19.5912942"
150000069,"SZAMARZEWSKIEGO 62, 60569, POZNAŃ-JEŻYCE","52.4119203, 16.8874906"
150001425,"SZPITALNA 10, 64400, MIĘDZYCHÓD","52.5994261, 15.8896988"
150002121,"SZPITALNA 43, 62500, KONIN","52.1969127, 18.2399595"
70001274,"INDIRY GANDHI 14, 02776, WARSZAWA","52.14573499999999, 21.032914"
70001663,"LUBELSKA 50, 08400, GARWOLIN","51.8704709, 21.6362955"
70001664,"KILIŃSKIEGO 29, 08110, SIEDLCE","52.1630228, 22.2754276"
120/214662,"UL. BITWY WARSZAWSKIEJ 1920 R. 18, 02366, WARSZAWA","52.2148908, 20.9667702"
3101062,"UL. WARSZAWSKA 2, 52114, WROCŁAW","51.0641196, 17.0803789"
3102229,"UL. ZAOLZIAŃSKA 4, 53334, WROCŁAW","51.0969816, 17.0256782"
3102989,"UL. GRZYBOWA 1, 56300, MILICZ","51.5165033, 17.2644057"
3401029,"UL. LUBAŃSKA 11-12, 59900, ZGORZELEC","51.1576117, 15.0097586"
70603280,"AL.JEROZOLIMSKIE 96 96, 00807, WARSZAWA","52.2225651, 20.9784997"
70606737,"KONSTRUKTORSKA 13, 02673, WARSZAWA","52.1849768, 20.9897831"
08R/10019,"UL. KARŁOWICZA 40, 48340, GŁUCHOŁAZY","50.30424259999999, 17.3869287"
08R/20166,"UL. JAGIELLOŃSKA  29, 47303, KRAPKOWICE","50.4917908, 17.9729356"
061/100026,"UL. KARMELICKA 5, 34100, WADOWICE","49.8807686, 19.4919913"
30003182,"PRZEMYSŁOWA 44, 24200, BEŁŻYCE","51.155763, 22.2843565"
30003637,"KONRADA WALLENRODA 2F/4, 20607, LUBLIN","51.2398388, 22.528676"
040299,"UL. ZWYCIĘSTWA 1, 66100, SULECHÓW","52.0894465, 15.6223289"
110013,"UL. PARZĘCZEWSKA 35, 95100, ZGIERZ","51.8625124, 19.3892196"
110016,"UL. KNIAZIEWICZA 1/5, 91347, ŁÓDŹ","51.80003430000001, 19.4392297"
20002222,"MIKOŁAJA BOŁTUCIA 10, 85791, BYDGOSZCZ","53.1542252, 18.1374561"
20003976,"BRONIEWSKIEGO 9, 85016, BYDGOSZCZ","53.1195286, 17.9633491"
20004242,"MARII SKŁODOWSKIEJ - CURIE 18, 86032, NIEMCZ","53.1782447, 18.0350632"
20006256,"SYLWESTRA KALISKIEGO 28/U1, 85796, BYDGOSZCZ","53.145918998830595, 18.131846157671887"
063/100006,"UL. JÓZEFA PIŁSUDSKIEGO 61, 34600, LIMANOWA","49.7174892, 20.4126173"
064/200107,"UL. DROGOWCÓW 6, 32400, MYŚLENICE","49.8327774, 19.9556552"
09R/030997,"UL. DOMINIKAŃSKA 1A, 35077, RZESZÓW","50.0206798, 21.9902467"
09R/031114,"RUDNA MAŁA 600, 36060, RUDNA MAŁA","50.1048199, 21.9785852"
125/200449,"UL. SZKOLNA 12, 42470, BRUDZOWICE","50.4993648, 19.1942323"
130000204,"SPACEROWA 5, 26026, MORAWICA","50.7471939, 20.6232313"
130000313,"WOJSKA POLSKIEGO 51, 25375, KIELCE","50.86011550000001, 20.635726"
140000540,"KARD. STEFANA WYSZYŃSKIEGO 37, 11100, LIDZBARK WARMIŃSKI","54.1256733, 20.5888341"
140000729,"DĄBROWSKIEGO 16, 14300, MORĄG","53.9160398, 19.9279338"
140000774,"ŻOŁNIERSKA 18, 10561, OLSZTYN","53.7694747, 20.4921172"
140000811,"ARMII KRAJOWEJ 8, 11300, BISKUPIEC","53.8653992, 20.9571617"
140000924,"GEN.WŁ.ANDERSA 3, 14200, IŁAWA","53.5846054, 19.5674629"
121/100200,"UL. PCK 1, 40057, KATOWICE","50.2525147, 19.01497"
121/100375,"UL. STEFANA ŻEROMSKIEGO 7, 41902, BYTOM","50.352808, 18.9227668"
121/100463,"UL. ALEJA LEGIONÓW 10, 41902, BYTOM","50.3546084, 18.9121685"
121/101006,"UL. MEDYKÓW 16, 40752, KATOWICE","50.22386729999999, 18.9510429"
121/101059,"UL. WITA STWOSZA 39-41, 40042, KATOWICE","50.24519, 19.0140402"
121/200135,"UL. POWSTAŃCÓW 27, 41500, CHORZÓW","50.29332640000001, 18.9500675"
121/200281,"UL. ALEKSANDRA FREDRY 22, 40662, KATOWICE","50.2102567, 18.9772023"
121/212170,"UL. HARCERZY WRZEŚNIA 1939 5, 40659, KATOWICE","50.2123188, 18.977575"
121/214171,"UL. DR. WITOLDA ANTESA 11, 43200, PSZCZYNA","49.9731696, 18.9401416"
122/100115,"UL. SZPITALNA 11, 43450, USTROŃ","49.7267944, 18.8222043"
124/100582,"UL. GAMOWSKA 3, 47400, RACIBÓRZ","50.1028151, 18.2050118"
140001217,"LEGNICKA 48/BUD. F, 54202, WROCŁAW","51.116781, 16.9959327"
140001331,"BARANKI 24, 19300, EŁK","53.79372670000001, 22.3396292"
140003755,"POTOKOWA 26/216, 80283, GDAŃSK","54.3623081, 18.5597335"
150000002,"KOŚCIUSZKI 96, 64700, CZARNKÓW","52.89702380000001, 16.5562288"
150000059,"PROMIENISTA 98, 60142, POZNAŃ-GRUNWALD","52.39090059999999, 16.8749137"
70001067,"KONARSKIEGO 13, 05400, OTWOCK","52.12173560000001, 21.2755832"
70001284,"ALEJA DZIECI POLSKICH 20, 04730, WARSZAWA","52.2057637, 21.1926624"
70001790,"LEKARSKA 4, 26610, RADOM","51.4004829, 21.1452194"
100000087,"M. SKŁODOWSKIEJ- CURIE 26, 15950, BIAŁYSTOK","53.1244806, 23.1614073"
100003896,"OGRODNICZKI 51, 15763, BIAŁYSTOK","53.1447767, 23.1247441"
000155,"UL. JANA Z KOLNA 16, 81741, SOPOT","54.43370549999999, 18.567219"
001337,"UL. KILIŃSKIEGO 7/4,6, 78400, SZCZECINEK","53.7128465, 16.6780678"
001520,"UL. 30-GO STYCZNIA 57/58, 83110, TCZEW","54.0919269, 18.7773072"
3102218,"UL. HENRYKA MICHAŁA KAMIEŃSKIEGO 73A, 51124, WROCŁAW","51.1505201, 17.0444346"
3102754,"UL. STAWOWA 12/3, 50018, WROCŁAW","51.1013327, 17.0346395"
3202053,"UL. BOLESŁAWA CHROBREGO 5, 57200, ZĄBKOWICE ŚLĄSKIE","50.5876403, 16.8173063"
3302028,"UL. MARII SKŁODOWSKIEJ-CURIE 66, 59301, LUBIN","51.4086889, 16.1951743"
3401036,"UL. MICHAŁA KLEOFASA OGIŃSKIEGO 6, 58506, JELENIA GÓRA","50.9132789, 15.7638508"
3402039,"UL. BANKOWA 5-7, 58500, JELENIA GÓRA","50.9018303, 15.7369809"
150004658,"OS. JANA III SOBIESKIEGO 103, 60688, POZNAŃ-STARE MIASTO","52.4641613, 16.912808"
150008718,"KIEPURY 12, 64100, LESZNO","51.836721, 16.6013836"
150009221,"LEGNICKA 48/F, 54202, WROCŁAW","51.116781, 16.9959327"
160000665,"M. NIEDZIAŁKOWSKIEGO 4A, 73200, CHOSZCZNO","53.1657936, 15.4134673"
160000725,"WOJSKA POLSKIEGO 27, 73110, STARGARD","53.3431814, 15.0379615"
160002874,"KRZYWA 13, 60118, POZNAŃ","52.3818127, 16.8866929"
160003874,"KOŚCIUSZKI 38, 78400, SZCZECINEK","53.7125356, 16.6785625"
70603563,"PONIATOWSKIEGO 26, 08110, SIEDLCE","52.1771336, 22.2922293"
70603753,"WOJCIECHA GÓRSKIEGO 6/92, 00033, WARSZAWA","52.23436599999999, 21.0156181"
70604328,"WAŁBRZYSKA 46 46, 02739, WARSZAWA","52.1734768, 21.0225887"
70604709,"NOWOGRODZKA 76, 02018, WARSZAWA","52.2248635, 20.9931303"
08R/10037,"UL. WYZWOLENIA 11, 48317, KORFANTÓW","50.4878766, 17.5923502"
08R/10063,"UL. AUGUSTYNA KOŚNEGO 53, 45372, OPOLE","50.6708199, 17.93638"
120001,"UL. ARMII KRAJOWEJ 7, 98200, SIERADZ","51.58202679999999, 18.7104104"
210053,"UL. BAZAROWA 9, 91053, ŁÓDŹ","51.7846009, 19.4484108"
210457,"UL. PŁUGOWA 51/53, 94238, ŁÓDŹ","51.7847087, 19.3927067"
210540,"UL. MARII SKŁODOWSKIEJ-CURIE 6, 95060, BRZEZINY","51.8061583, 19.7547781"
220310,"UL. STEFANA ŻEROMSKIEGO 2, 98300, WIELUŃ","51.2161295, 18.567666"
060/200303,"UL. FRANCUSKA 98A/42, 40507, KATOWICE","50.2412691, 19.027423"
30004940,"ALEJE JANA PAWŁA II 19, 22400, ZAMOŚĆ","50.7130362, 23.2857618"
30005361,"DRA WITOLDA CHODŹKI 10A/401, 20093, LUBLIN","51.2640439, 22.5595848"
30006147,"LEGNICKA 48/BUD.F, 54202, WROCŁAW","51.116781, 16.9959327"
110006,"UL. RZGOWSKA 281/289, 93338, ŁÓDŹ","51.7082302, 19.4825275"
110009,"UL. MILIONOWA 14, 93113, ŁÓDŹ","51.751635, 19.4840112"
20000731,"SZPITALNA 3, 88200, RADZIEJÓW","52.6192404, 18.5178604"
20002787,"MICKIEWICZA 7, 89100, NAKŁO NAD NOTECIĄ","53.1401015, 17.5945599"
20006168,"STORCZYKOWA 8/10, 87100, TORUŃ","53.0409617, 18.585797"
20100047,"FILTROWA 29B, 87100, TORUŃ","53.0324325, 18.6005938"
30000098,"KRASNYSTAWSKA 52, 21010, ŁĘCZNA","51.2906655, 22.8782317"
061/200230,"UL. SKOTNICKA 230A, 30644, KRAKÓW","50.00217929999999, 19.8672261"
061/200330,"AL. 1000-LECIA 13, 32300, OLKUSZ","50.26844269999999, 19.5687766"
061/200720,"UL. LWOWSKA 17/1, 30548, KRAKÓW","50.0454468, 19.9565493"
061/200751,"UL. TYNIECKA 15, 32050, SKAWINA","49.9779584, 19.819187"
063/100008,"UL. WĘGIERSKA 21, 38300, GORLICE","49.6504866, 21.1625248"
065/100012,"UL. KRAKOWSKA 31, 32700, BOCHNIA","49.9664308, 20.4211149"
065/100185,"UL. SZPITALNA 13, 33100, TARNÓW","50.0170045, 20.9947737"
70000965,"STĘPIŃSKA 19/25, 00739, WARSZAWA","52.20512489999999, 21.0374459"
70000978,"MARII KONOPNICKIEJ 65, 05092, DZIEKANÓW LEŚNY","52.33983360000001, 20.8485282"
09R/010032,"UL. KSIĘCIA JÓZEFA PONIATOWSKIEGO 4, 35026, RZESZÓW","50.0338579, 21.9969207"
125/100597,"UL. MIODOWA 14, 42400, ZAWIERCIE","50.4814984, 19.4087857"
125/110545,"UL. SZPITALNA 40, 41250, CZELADŹ","50.3263769, 19.0760358"
126/100372,"UL. MARII CURIE-SKŁODOWSKIEJ 10, 41800, ZABRZE","50.3140762, 18.7811384"
130002065,"GENERAŁA TADEUSZA KOŚCIUSZKI 25, 25316, KIELCE","50.8745018, 20.6390285"
130003276,"ARMII KRAJOWEJ 22, 28400, PIŃCZÓW","50.5176242, 20.5298754"
121/100685,"UL. ALFREDA SOKOŁOWSKIEGO 2, 40749, KATOWICE","50.197485, 19.0417796"
121/200436,"UL. PAPROCAŃSKA 137D, 43100, TYCHY","50.0996497, 18.9958765"
122/202444,"UL. DWORCOWA 22, 34300, ŻYWIEC","49.6846519, 19.18976"
123/100404,"UL. 11 LISTOPADA 5C, 42100, KŁOBUCK","50.9065932, 18.9374642"
140001866,"WOJSKA POLSKIEGO 39, 10295, OLSZTYN","53.79143070000001, 20.4826665"
140003162,"KOPERNIKA 24A, 14400, PASŁĘK","54.0623946, 19.6648944"
140003247,"BUDOWLANA 3A, 10424, OLSZTYN","53.7842288, 20.5299928"
140003669,"WOJSKA POLSKIEGO 80, 10290, OLSZTYN","53.7837135, 20.4819539"
150000026,"SZWAJCARSKA 3, 61285, POZNAŃ-NOWE MIASTO","52.3902484, 16.995111"
150000031,"RYDYGIERA LUDWIKA 1, 64920, PIŁA","53.121648, 16.7185274"
150001253,"PL.K. MARCINKOWSKIEGO 8/9, 63800, GOSTYŃ","51.8826434, 17.0106595"
150001592,"SZPITALNA 7, 64000, KOŚCIAN","52.0846576, 16.6482367"
150003530,"ŻWIRKI I WIGURY 10, 63000, ŚRODA WIELKOPOLSKA","52.2274734, 17.2851337"
150003546,"ŻEROMSKIEGO 29, 64800, CHODZIEŻ","52.98770589999999, 16.9147657"
70001287,"KAROWA 2, 00315, WARSZAWA","52.2451034, 21.0221448"
70001388,"SIERAKOWSKIEGO 13 13, 03709, WARSZAWA","52.2513649, 21.0301537"
70001395,"MARSZ. JÓZEFA PIŁSUDSKIEGO 20, 05120, LEGIONOWO","52.3975586, 20.9340803"
70001471,"SADOWA 9, 06300, PRZASNYSZ","53.02976820000001, 20.8932535"
70001796,"AL. WŁ. SIKORSKIEGO 10, 26900, KOZIENICE","51.5919298, 21.5254396"
70001975,"WARSZAWSKA 4, 26600, RADOM","51.409764, 21.1543642"
70001993,"DR ANNY DOBRSKIEJ 1, 06500, MŁAWA","53.1174146, 20.3749486"
70002166,"MEDYCZNA 19, 09400, PŁOCK","52.5571935, 19.6554385"
70060968,"LEGNICKA 48/BUD F, 54202, WROCŁAW","51.116781, 16.9959327"
100000101,"KLESZCZELOWSKA 1, 17100, BIELSK PODLASKI","52.7593792, 23.2037076"
001131,"UL. SZPITALNA 2, 75720, KOSZALIN","54.18780570000001, 16.1850746"
001529,"UL. KARTUSKA 4/6, 80104, GDAŃSK","54.3507541, 18.6353774"
001555,"UL. LĘBORSKA 13, 77100, BYTÓW","54.1786014, 17.4848088"
121/100027,"UL. CHORZOWSKA 38, 41605, ŚWIĘTOCHŁOWICE","50.30604210000001, 18.9153124"
3101277,"UL. RUDOLFA WEIGLA 5, 50981, WROCŁAW","51.075292, 17.0234092"
3102562,"UL. GRUNWALDZKA 69, 50357, WROCŁAW","51.1145759, 17.0675628"
3102963,"UL. ZYGMUNTA KRASIŃSKIEGO 29, 50450, WROCŁAW","51.1068483, 17.0429089"
3201034,"UL. IGNACEGO PADEREWSKIEGO 10, 58301, WAŁBRZYCH","50.7717764, 16.2901185"
3402300,"UL. JANUSZA KORCZAKA 1, 58400, KAMIENNA GÓRA","50.7794734, 16.0649965"
150012232,"BOLESŁAWA KRZYWOUSTEGO 114, 61144, POZNAŃ","52.3624524, 16.9919945"
160000735,"ŁOPUSKIEGO 31-33, 78100, KOŁOBRZEG","54.1746383, 15.5676367"
160002270,"I-GO PUŁKU UŁANÓW 9, 76100, SŁAWNO","54.3692363, 16.6788111"
160004517,"KADŁUBKA 10-11, 71521, SZCZECIN","53.4477067, 14.5518137"
70604142,"PONIATOWSKIEGO 97, 05220, ZIELONKA","52.3131698, 21.1840932"
70604278,"BATOREGO 44, 05400, OTWOCK","52.0977547, 21.2628766"
120004,"UL. SZPITALNA 16, 98300, WIELUŃ","51.2125321, 18.5654386"
130001,"UL. STANISŁAWA RYBICKIEGO 1, 96100, SKIERNIEWICE","51.9630442, 20.1529562"
210843,"UL. WOJSKA POLSKIEGO 32/34, 95015, GŁOWNO","51.957096, 19.7332276"
210883,"UL. ALEJA T. KOŚCIUSZKI 93, 90436, ŁÓDŹ","51.7595418, 19.455117"
220338,"UL. MICKIEWICZA 16, 99200, PODDĘBICE","51.8888732, 18.9539462"
061/100009,"UL. PRĄDNICKA 35-37, 31202, KRAKÓW","50.083011, 19.9380646"
30002952,"DR. K. JACZEWSKIEGO 7, 20090, LUBLIN","51.2581169, 22.5676102"
020293,"UL. DOMAŃSKIEGO 2, 68200, ŻARY","51.6408619, 15.1482944"
102338,"UL. ALEJA NIEPODLEGŁOŚCI 1, 65048, ZIELONA GÓRA","51.9400956, 15.5069064"
102823,"UL. GÓRCZYŃSKA 17, 66400, GORZÓW WIELKOPOLSKI","52.7578105, 15.2583988"
110005,"UL. ALEKSANDROWSKA 159, 91229, ŁÓDŹ","51.8060984, 19.3554608"
110028,"UL. PÓŁNOCNA 42, 91425, ŁÓDŹ-BAŁUTY","51.7808742, 19.4744533"
20000732,"3-GO MAJA 2, 87500, RYPIN","53.0657106, 19.4094097"
20000776,"OKRZEI 66, 87800, WŁOCŁAWEK","52.6537663, 19.0608444"
20000803,"DR. LUDWIKA RYDYGIERA 15/17, 86300, GRUDZIĄDZ","53.4633563, 18.779971"
20001364,"MARKWARTA 4-6, 85015, BYDGOSZCZ","53.12642520000001, 18.011605"
20002493,"MICKIEWICZA 26, 89410, WIĘCBORK","53.3549583, 17.4917504"
20003629,"WOLNOŚCI 27, 87200, WĄBRZEŹNO","53.2759911, 18.9470531"
20003633,"UJEJSKIEGO 75, 85168, BYDGOSZCZ","53.1152037, 18.0259728"
061/100213,"UL. WYSOKIE BRZEGI 4, 32600, OŚWIĘCIM","50.0402764, 19.2345917"
063/100009,"UL. MŁYŃSKA 10, 33300, NOWY SĄCZ","49.6200093, 20.7003065"
065/100019,"UL. SZPITALNA 1, 33200, DĄBROWA TARNOWSKA","50.1769448, 20.9764687"
065/100186,"UL. LWOWSKA 178A, 33100, TARNÓW","50.0137423, 21.033301"
70000987,"ŻELAZNA 90, 01004, WARSZAWA","52.2408363, 20.9867023"
08R/20506,"UL. OLEŚNICKA 4, 46100, NAMYSŁÓW","51.0835216, 17.7081362"
09R/030868,"UL. IGNACEGO PADEREWSKIEGO 5, 37100, ŁAŃCUT","50.0665312, 22.2331869"
100000067,"WASZYNGTONA 17, 15274, BIAŁYSTOK","53.1238836, 23.1570897"
125/201542,"UL. ŁUBINOWA 3, 40647, KATOWICE","50.2060898, 18.9901412"
130000075,"KIELECKA1-3, 26020, CHMIELNIK","50.61415, 20.75212"
130000191,"CZERWONA GÓRA 10, 26060, CHĘCINY","50.822301, 20.4868533"
130002667,"ORLICH GNIAZD 8/13, 01493, BEMOWO","52.2507685, 20.9206413"
121/100089,"UL. ZIOŁOWA 45-47, 40635, KATOWICE","50.2112318, 18.9975604"
121/101004,"UL. CEGLANA 35, 40514, KATOWICE","50.2442254, 19.0166124"
121/200543,"UL. STEFANA OKRZEI 27, 43190, MIKOŁÓW","50.17015259999999, 18.9083703"
121/201285,"UL. KATOWICKA 11, 41600, ŚWIĘTOCHŁOWICE","50.29062889999999, 18.9191407"
121/211905,"UL. MORAWA 31, 40353, KATOWICE","50.2661424, 19.0921327"
121/213074,"UL. JULIUSZA LIGONIA 26/1, 40036, KATOWICE","50.2534296, 19.0208154"
122/202899,"UL. CYNIARSKA 24, 43300, BIELSKO-BIAŁA","49.8256658, 19.0493687"
125/100567,"UL. GABRIELI ZAPOLSKIEJ 3, 41218, SOSNOWIEC","50.2735987, 19.1982664"
140001688,"3 MAJA 17, 11600, WĘGORZEWO","54.2067036, 21.7356905"
140001759,"KARDYNAŁA WYSZYŃSKIEGO 11, 11200, BARTOSZYCE","54.2595067, 20.790954"
150000037,"MICKIEWICZA 95, 63100, ŚREM","52.084419, 17.0253334"
150001771,"28 CZERWCA 1956 NR 194, 61485, POZNAŃ","52.3832339, 16.9123789"
150003561,"DOJAZD 34, 60631, POZNAŃ-JEŻYCE","52.4361168, 16.9047444"
150003571,"MŁYŃSKA 2, 63700, KROTOSZYN","51.6904553, 17.4390053"
70001081,"UL. CEGŁOWSKA 80, 01809, WARSZAWA","52.286706, 20.9505855"
70001794,"JĘDRZEJA ŚNIADECKIEGO 2, 27300, LIPSKO","51.15999739999999, 21.6580728"
70060306,"ANDERSA 37, 00159, WARSZAWA","52.2530898, 20.9974284"
70061742,"K. E. N. 47/U15, 02797, WARSZAWA","52.1433091, 21.0531548"
100000361,"PLAC  Z. BRODOWICZA 1, 16070, CHOROSZCZ","53.1503334, 22.9823135"
000032,"UL. OBROŃCÓW WYBRZEŻA 4, 76200, SŁUPSK","54.4685443, 17.0443302"
000840,"UL. GEN. JÓZEFA HALLERA 31, 82500, KWIDZYN","53.7270203, 18.9208488"
001943,"UL. 1-GO MAJA 13A, 84100, PUCK","54.71804770000001, 18.4086339"
3101021,"UL. ARMII KRAJOWEJ 1, 56400, OLEŚNICA","51.208577, 17.3912734"
3122181,"UL. PIASTA 47C, 58304, WAŁBRZYCH","50.7816303, 16.2421685"
3302051,"UL. LEŚNA 8, 59300, LUBIN","51.38350579999999, 16.2035313"
3402014,"UL. MARSZAŁKA JÓZEFA PIŁSUDSKIEGO 35, 59850, ŚWIERADÓW ZDRÓJ","50.9056626, 15.3359243"
150003627,"KWIATOWA 1, 62800, KALISZ","51.754397, 18.0935942"
150004979,"KRZYWA 13, 60118, POZNAŃ","52.3818127, 16.8866929"
150007370,"SŁOWIAŃSKA 41, 64100, LESZNO","51.842532, 16.5693117"
150008885,"LEGNICKA 48/F, 54202, WROCŁAW","51.116781, 16.9959327"
150009222,"LEGNICKA 48 BUD.F, 54202, WROCŁAW","51.116781, 16.9959327"
160001932,"WOJSKA POLSKIEGO 7, 72200, NOWOGARD","53.672556, 15.1105337"
160003961,"KILIŃSKIEGO 7/4-6, 78400, SZCZECINEK","53.7128465, 16.6780678"
70600123,"ZAMIANY 13, 02786, WARSZAWA","52.1604578, 21.0343211"
08R/10051,"UL. KLONOWA 1, 46300, OLESNO","50.8808223, 18.4129163"
08R/10066,"UL. ALEJA WINCENTEGO WITOSA 26, 45401, OPOLE","50.6767747, 17.97647"
200100,"UL. LEGNICKA 48/BUD. F, 54202, WROCŁAW","51.116781, 16.9959327"
209089,"UL. WOJSKA POLSKIEGO 77, 97300, PIOTRKÓW TRYBUNALSKI","51.4130205, 19.6868223"
020400,"UL. JANA DEKERTA 1, 66400, GORZÓW WIELKOPOLSKI","52.76156779999999, 15.236235"
020401,"UL. KS. KOSTKI 33, 67400, WSCHOWA","51.80462790000001, 16.3220614"
040184,"UL. KONSTYTUCJI 3 MAJA 35, 66300, MIĘDZYRZECZ","52.4402315, 15.5845665"
20000724,"RADZYŃSKA 4, 86320, ŁASIN","53.5175075, 19.0813025"
20000810,"POWSTAŃCÓW WARSZAWY 5, 85681, BYDGOSZCZ","53.1424365, 18.0136827"
20002221,"BYDG. BATAL. OBRONY NARODOWEJ 10A, 85825, BYDGOSZCZ","53.10350640000001, 18.0508651"
20002603,"WOJSKA POLSKIEGO 126, 86100, ŚWIECIE","53.414249, 18.4673735"
20004658,"PESTALOZZIEGO 7, 85095, BYDGOSZCZ","53.1224643, 18.0304541"
20100024,"SZEWSKA 23, 87140, CHEŁMŻA","53.1872744, 18.6104837"
30000100,"JACZEWSKIEGO 2, 20090, LUBLIN","51.25613749999999, 22.5627597"
30000101,"ALEJE RACŁAWICKIE 23, 20904, LUBLIN","51.2513289, 22.5340255"
061/100203,"UL. WIELICKA 265, 30663, KRAKÓW","50.0127455, 20.0002526"
061/200326,"UL. DOBREGO PASTERZA 207A, 31416, KRAKÓW","50.0902957, 19.9816786"
064/100016,"UL. OSWALDA BALZERA 15, 34500, ZAKOPANE","49.28638489999999, 19.9861091"
09R/010015,"UL. KSIĘDZA KARDYNAŁA STEFANA WYSZYŃSKIEGO 54, 39100, ROPCZYCE","50.0577184, 21.6156549"
09R/010024,"UL. 29 LISTOPADA 57, 38700, USTRZYKI DOLNE","49.43503949999999, 22.6036299"
09R/010040,"UL. KORCZYŃSKA 57, 38400, KROSNO","49.7024615, 21.7839768"
125/208218,"UL. LEGNICKA 48/F, 54202, WROCŁAW","51.116781, 16.9959327"
126/100549,"UL. NIEPODLEGŁOŚCI 8, 44190, KNURÓW","50.2214023, 18.6686282"
126/210944,"UL. TADEUSZA KOŚCIUSZKI 1, 44100, GLIWICE","50.2889028, 18.6605896"
130000898,"GEN. F. RZEWUSKIEGO 1, 28100, BUSKO-ZDRÓJ","50.4561698, 20.7211332"
130004676,"LEGNICKA 48/BUD. F, 54202, WROCŁAW","51.116781, 16.9959327"
140000480,"MICKIEWICZA 23, 13100, NIDZICA","53.35978619999999, 20.4328771"
140000753,"NIEPODLEGŁOŚCI 44, 10045, OLSZTYN","53.77035240000001, 20.4800408"
140000889,"WOJSKA POLSKIEGO 35, 10228, OLSZTYN","53.79508689999999, 20.4830318"
121/200602,"UL. GRABOWA 32, 40172, KATOWICE","50.2743457, 19.0296789"
121/208397,"UL. GOSPODARCZA 64, 40432, KATOWICE","50.2463039, 19.0745649"
122/207776,"UL. SANATORYJNA 1, 43450, USTROŃ","49.7246979, 18.8252108"
124/100085,"UL. GLIWICKA 33, 44201, RYBNIK","50.1041768, 18.5450695"
124/100448,"UL. ALEJA JANA PAWŁA II 7, 44330, JASTRZĘBIE-ZDRÓJ","49.94666710000001, 18.5837677"
124/214292,"UL. 26 MARCA 53 A, 44300, WODZISŁAW ŚLĄSKI","50.009029, 18.4611389"
140002199,"MICKIEWICZA 10, 13300, NOWE MIASTO LUBAWSKIE","53.4241403, 19.586364"
150000019,"POZNAŃSKA 30, 64300, NOWY TOMYŚL","52.3158651, 16.1385754"
150000066,"SZELIGOWSKIEGO 1, 62510, KONIN","52.2342538, 18.2538303"
150003180,"ADAMA WRZOSKA 1, 60663, POZNAŃ","52.4372342, 16.9064711"
150003183,"KOŚCIUSZKI 74, 62100, WĄGROWIEC","52.81790239999999, 17.2050819"
70001196,"CZERNIAKOWSKA 231, 00416, WARSZAWA","52.2295349, 21.0320719"
70001286,"W.K. ROENTGENA 5, 02781, WARSZAWA","52.1472807, 21.0320009"
70001454,"WITOSA 2, 06200, MAKÓW MAZOWIECKI","52.86168259999999, 21.0868109"
70001994,"HENRYKA SIENKIEWICZA 7, 09100, PŁOŃSK","52.63043010000001, 20.3769959"
70060856,"SZASERÓW 128, 04141, WARSZAWA","52.2505453, 21.0923913"
70100294,"NOWOGRODZKA 49, 00695, WARSZAWA","52.2274758, 21.0075684"
100003731,"ALEJA JÓZEFA PIŁSUDSKIEGO 31, 17100, BIELSK PODLASKI","52.7703178, 23.1827256"
001270,"UL. WILEŃSKA 6, 80215, GDAŃSK","54.3646772, 18.6087203"
001441,"UL. ŚLĄSKA 66C, 80389, GDAŃSK","54.4054365, 18.5849467"
3102189,"PL. STRZELECKI 24, 50224, WROCŁAW","51.1221374, 17.0268592"
3102923,"UL. INWALIDÓW WOJENNYCH 26, 56100, WOŁÓW","51.3405231, 16.6397605"
3301045,"UL. SZPITALNA 9, 59500, ZŁOTORYJA","51.12249449999999, 15.908169"
3402007,"UL. PIASKOWA 15, 59700, BOLESŁAWIEC","51.2629323, 15.5606036"
3402018,"UL. ZAWIDOWSKA 4, 59800, LUBAŃ","51.1166236, 15.2711866"
150005403,"KRASZEWSKIEGO 11, 62041, PUSZCZYKOWO","52.2633624, 16.8693801"
150007443,"POZNAŃSKA 125A, 63300, PLESZEW","51.89770679999999, 17.7653836"
160000731,"SZPITALNA 10, 74320, BARLINEK","52.9979942, 15.22397"
160000737,"STRZAŁOWSKA 22, 71730, SZCZECIN","53.4677212, 14.5924647"
160001208,"JAGIELLOŃSKA 44, 70382, SZCZECIN","53.4355175, 14.5256288"
160004558,"PLAC EUROPEJSKI 2, 00844, WARSZAWA","52.2326405, 20.9833746"
70603796,"B. LIMANOWSKIEGO 30/., 96300, ŻYRARDÓW","52.0594422, 20.4399095"
70605917,"KAROLA RYCHLIŃSKIEGO 1, 05091, ZĄBKI","52.2987781, 21.1116832"
08R/10017,"UL. MARII SKŁODOWSKIEJ-CURIE 26, 48100, GŁUBCZYCE","50.2040545, 17.8124651"
110076,"UL. WÓLCZAŃSKA 191/195, 90531, ŁÓDŹ","51.7516735, 19.4549149"
130005,"UL. WARSZAWSKA 14, 96200, RAWA MAZOWIECKA","51.7661417, 20.2592439"
210021,"UL. GEN. ROMUALDA TRAUGUTTA 57/59, 50417, WROCŁAW","51.1038783, 17.0491102"
210231,"UL. ROJNA 90, 91134, ŁÓDŹ","51.7953982, 19.361265"
210735,"UL. CIESIELSKA 8, 91308, ŁÓDŹ","51.7880404, 19.4469767"
220022,"UL. RYCERSKA 2, 98200, SIERADZ","51.5951604, 18.7376651"
240060,"UL. JANA PAWŁA II 35, 97200, TOMASZÓW MAZOWIECKI","51.5227675, 20.0062838"
30000417,"TEREBELSKA 57-65, 21500, BIAŁA PODLASKA","52.0468679, 23.1112776"
30005108,"LEONARDA 12, 20625, LUBLIN","51.2398985, 22.5138276"
30005166,"NOWOGRODZKA 49, 00695, WARSZAWA","52.2274758, 21.0075684"
30007413,"Władysława Kunickiego 181, 20451, Lublin","51.21140256360906, 22.584110495188245"
102567,"UL. WAZÓW 42, 65044, ZIELONA GÓRA","51.9419505, 15.5203207"
20000779,"KOŚCIUSZKI 10, 88300, MOGILNO","52.6575463, 17.9494285"
20002496,"RYNEK 3-5, 86300, GRUDZIĄDZ","53.49255840000001, 18.7483603"
061/100159,"UL. KOLEJOWA 1A, 32310, JAROSZOWIEC","50.344312, 19.6145587"
061/200704,"UL. ŚW. ŁAZARZA 14, 31530, KRAKÓW","50.06021819999999, 19.9515948"
063/200267,"UL. GRUNWALDZKA 30, 33300, NOWY SĄCZ","49.5988282, 20.6888738"
70000980,"KONSTYTUCJI 3 MAJA 17, 05250, RADZYMIN","52.4146025, 21.1903433"
70000985,"KASPRZAKA 17, 01211, WARSZAWA","52.2270719, 20.9714786"
70000988,"KOPERNIKA 43, 00328, WARSZAWA","52.2376994, 21.0189967"
09R/010019,"UL. 800-LECIA 26, 38500, SANOK","49.5537218, 22.2003934"
09R/010045,"UL. RZESZOWSKA 5, 36051, GÓRNO","50.2846261, 22.1331929"
09R/030777,"AL. MJR. WACŁAWA KOPISTO 2, 35315, RZESZÓW","50.0288644, 22.0125756"
09R/031010,"UL. OJCA ŚW. JANA PAWŁA II 218, 37710, ŻURAWICA","49.8231844, 22.7917666"
100000061,"PARKOWA 6, 15224, BIAŁYSTOK","53.12439000000001, 23.1695975"
100000077,"SZPITALNA 60, 16400, SUWAŁKI","54.1191531, 22.9255121"
126/100143,"UL. JANA ŚNIADECKIEGO 1, 42600, TARNOWSKIE GÓRY","50.4309252, 18.8065136"
130000121,"BOHATERÓW WARSZAWY 67, 28100, BUSKO-ZDRÓJ","50.4669621, 20.7046242"
140000530,"SIENKIEWICZA 2, 12200, PISZ","53.6263108, 21.8000759"
140001143,"M. C. SKŁODOWSKIEJ 2, 11400, KĘTRZYN","54.07657, 21.37504"
121/100358,"UL. BYTOMSKA 62, 41940, PIEKARY ŚLĄSKIE","50.3723191, 18.9445683"
121/208184,"UL. TADEUSZA KOŚCIUSZKI 92B, 40519, KATOWICE","50.24629729999999, 19.0124217"
121/212484,"UL. EDUKACJI 102, 43100, TYCHY","50.1126292, 19.0095447"
122/112476,"UL. WYZWOLENIA 18, 43300, BIELSKO-BIAŁA","49.8236875, 19.0584186"
123/210439,"UL. STEFANA OKRZEI 1A, 03715, WARSZAWA","52.2488549, 21.0298143"
140002426,"KRZYWA 13, 60118, POZNAŃ","52.3818127, 16.8866929"
150000011,"SZPITALNA 28, 77400, ZŁOTÓW","53.3542379, 17.0438231"
150000032,"SZPITALNA 45, 62504, KONIN","52.1945434, 18.2396714"
150000054,"AL. WOJSKA POLSKIEGO 43, 64920, PIŁA","53.152755, 16.7174268"
150001296,"GAJOWA 8, 62510, KONIN","52.2448077, 18.2735387"
150003181,"PRZYBYSZEWSKIEGO 49, 60355, POZNAŃ-GRUNWALD","52.4037048, 16.8874444"
70001086,"SPARTAŃSKA 1, 02637, WARSZAWA","52.1919839, 20.9954679"
70001273,"MADALIŃSKIEGO 25, 02544, WARSZAWA","52.2043348, 21.0170764"
70002137,"JULIUSZA SŁOWACKIEGO 32, 09200, SIERPC","52.8527262, 19.6756785"
70300168,"ŻEROMSKIEGO 64, 26600, RADOM","51.4001577, 21.1608628"
100004212,"PIASTA 9A, 15044, BIAŁYSTOK","53.134819, 23.1800521"
000519,"UL. KARTUSKA 4/6, 80104, GDAŃSK","54.3507541, 18.6353774"
000949,"UL. MAJEWSKICH 26, 80457, GDAŃSK","54.40093419999999, 18.6117746"
3102957,"UL. WROCŁAWSKA 2A, 52229, KOMOROWICE","51.018166, 17.001424"
3122225,"UL. BOLESŁAWA ULANOWSKIEGO 18/20, 53144, WROCŁAW","51.0820786, 17.0065436"
3302673,"UL. GEN. JÓZEFA BEMA 5-6, 59300, LUBIN","51.400893, 16.1992378"
3402443,"UL. BOHATERÓW GETTA 10, 58400, KAMIENNA GÓRA","50.7861522, 16.0267576"
150010778,"BITWY WARSZAWSKIEJ 1920 R. 18, 02366, WARSZAWA","52.2148908, 20.9667702"
160001177,"CHOPINA 29, 78200, BIAŁOGARD","54.0070157, 16.007898"
160002474,"LEGNICKA 48/BUD F, 54202, WROCŁAW","51.116781, 16.9959327"
160004109,"KRÓLOWEJ KORONY POLSKIEJ 26/1,1A,2A,3, 70480, SZCZECIN","53.4386136, 14.534153"
160006211,"WOLIŃSKA 7B, 72400, KAMIEŃ POMORSKI","53.9624789, 14.775154"
70600378,"SZAMOCKA 6, 01748, WARSZAWA","52.257589, 20.9596965"
70603008,"WYNALAZEK 4, 02677, WARSZAWA","52.17865399999999, 20.9950119"
70603562,"KONDRATOWICZA 8, 03242, WARSZAWA","52.2908084, 21.0445261"
70604226,"KRZYWA 13, 60118, POZNAŃ-GRUNWALD","52.3818127, 16.8866929"
200099,"UL. STEFANA OKRZEI 1A, 03715, WARSZAWA","52.2488549, 21.0298143"
210706,"UL. SZPARAGOWA 10, 91211, ŁÓDŹ","51.8037496, 19.3777189"
230085,"UL. 29 LISTOPADA 37, 99300, KUTNO","52.2348727, 19.350441"
061/100001,"UL. STRZELECKA 2, 31503, KRAKÓW","50.0632102, 19.9501601"
30005184,"KAZIMIERZA PRZERWY - TETMAJERA 21, 20362, LUBLIN","51.2265014, 22.59412"
30005404,"KRASIŃSKIEGO 8/4, 23210, KRAŚNIK","50.961102, 22.1608168"
30007097,"STEFANA OKRZEI 1A, 03715, WARSZAWA","52.2488549, 21.0298143"
102712,"UL. GABRIELA NARUTOWICZA 6, 66470, KOSTRZYN NAD ODRĄ","52.6078988, 14.6408671"
102803,"UL. NADODRZAŃSKA 6, 69100, SŁUBICE","52.35157340000001, 14.5566238"
20003404,"MODRZEWIOWA 15, 85631, BYDGOSZCZ","53.144546, 18.0289477"
20004215,"NAKIELSKA 327, 85391, BYDGOSZCZ","53.1338218, 17.9144064"
20004500,"WIENIECKA 49, 87800, WŁOCŁAWEK","52.6599158, 19.0330848"
30000097,"GRENADIERÓW 3, 20331, LUBLIN","51.2268021, 22.6135517"
30000099,"CICHA 14, 21100, LUBARTÓW","51.4564748, 22.6166437"
061/200294,"UL. SANATORYJNA 1, 43450, USTROŃ","49.7246979, 18.8252108"
065/100181,"UL. TADEUSZA KOŚCIUSZKI 68, 32800, BRZESKO","49.9689837, 20.5904331"
065/200018,"UL. SZPITALNA 1, 33170, TUCHÓW","49.8930867, 21.0608377"
70000964,"WOLSKA 37, 01201, WOLA","52.2336541, 20.9716064"
70001044,"SOBIESKIEGO 9, 02957, WARSZAWA","52.1721927, 21.0653134"
09R/010012,"UL. MARII SKŁODOWSKIEJ-CURIE 1A, 39460, NOWA DĘBA","50.42067830000001, 21.7555581"
09R/030797,"UL. KORCZYŃSKA 57, 38400, KROSNO","49.7024615, 21.7839768"
09R/031444,"UL. ŻOŁNIERZY WRZEŚNIA 7, 35306, RZESZÓW","50.0306137, 22.0199719"
130000115,"ŻEROMSKIEGO 28, 29100, WŁOSZCZOWA","50.8471831, 19.9738422"
130003050,"KOZIA 3A, 25514, KIELCE","50.87261489999999, 20.6310348"
121/101005,"UL. FRANCUSKA 20/24, 40027, KATOWICE","50.25450960000001, 19.0277397"
121/201354,"UL. SZOPIENICKA 59, 40431, KATOWICE","50.2463097, 19.079951"
121/212101,"UL. SZPITALNA 11, 41940, PIEKARY ŚLĄSKIE","50.3744862, 18.953486"
124/100443,"UL. ENERGETYKÓW 46, 44200, RYBNIK","50.1104528, 18.5210222"
125/100178,"UL. JÓZEFA CHEŁMOŃSKIEGO 28, 43600, JAWORZNO","50.2047659, 19.2848766"
140001522,"KOPERNIKA 30, 10513, OLSZTYN","53.78268010000001, 20.4919239"
140002277,"CYLICHOWSKA 13/15, 04769, WARSZAWA","52.1946474, 21.1423188"
140003057,"JAGIELLOŃSKA 78A, 10357, OLSZTYN","53.80672490000001, 20.5143298"
140005168,"GEN. JÓZEFA HALLERA 4 B, 10693, OLSZTYN","53.74004189999999, 20.4792349"
150002477,"PIASTÓW 16, 62300, WRZEŚNIA","52.3214941, 17.5878909"
70001297,"GĄSIOROWSKIEGO 12/14, 05510, KONSTANCIN-JEZIORNA","52.0765269, 21.1245042"
100001652,"SIENKIEWICZA 79, 15003, BIAŁYSTOK","53.1406423, 23.1714955"
100001743,"GRODZIEŃSKA 96, 19120, KNYSZYN","53.3196234, 22.921788"
100004801,"NOWOMIEJSKA 15/1, 16400, SUWAŁKI","54.1196064, 22.9401149"
000030,"UL. BOCZNA 10, 84150, HEL","54.6104316, 18.7999152"
000790,"UL. SOJOWA 22, 81589, GDYNIA","54.469792, 18.4693959"
001805,"UL. SANATORYJNA 1, 43450, USTROŃ","49.7246979, 18.8252108"
002148,"UL. DERDOWSKIEGO 23, 84230, RUMIA","54.5734615, 18.4001208"
120/211917,"UL. PODLEŚNA 61, 01673, WARSZAWA","52.2812496, 20.9621761"
150011055,"OGRODOWA 11 A, 62067, RAKONIEWICE","52.13878099999999, 16.2684734"
160000742,"ARKOŃSKA 4, 71455, SZCZECIN","53.45283449999999, 14.527669"
160000748,"NIEPODLEGŁOŚCI 44-48, 75252, KOSZALIN","54.19586390000001, 16.1753709"
08R/10081,"UL. OPOLSKA 36A, 47100, STRZELCE OPOLSKIE","50.5157701, 18.2915551"
209273,"UL. KRZYWA 13, 60118, POZNAŃ","52.3818127, 16.8866929"
210762,"UL. MIKOŁAJA KOPERNIKA 38, 90552, ŁÓDŹ-POLESIE","51.7604733, 19.4441203"
061/100012,"UL. DR. JÓZEFA BABIŃSKIEGO 29, 30393, KRAKÓW","50.0032106, 19.8813835"
061/100018,"ALEJA MODRZEWIOWA 22, 30224, KRAKÓW","50.063679, 19.8660259"
30000415,"KOŚCIELNA 136, 21200, PARCZEW","51.63406759999999, 22.9133891"
30000512,"CERAMICZNA 1, 22100, CHEŁM","51.1502078, 23.4581669"
30000550,"AL. JÓZEFA PIŁSUDSKIEGO 64, 22200, WŁODAWA","51.55736779999999, 23.5535349"
30002130,"ONYKSOWA 12, 20582, LUBLIN","51.2211268, 22.5007707"
30007635,"TADEUSZA SZELIGOWSKIEGO 15/95, 20883, LUBLIN","51.2645324, 22.5590736"
020300,"UL. ZYTY 26, 65046, ZIELONA GÓRA","51.9411274, 15.5176315"
040166,"UL. ZAMKOWA 1, 66200, ŚWIEBODZIN","52.2504382, 15.5349294"
040316,"UL. CHAŁUBIŃSKIEGO 7, 67100, NOWA SÓL","51.810005, 15.6962999"
100069,"UL. WOJSKA POLSKIEGO 52, 66235, TORZYM","52.31521499999999, 15.0611486"
100336,"UL. PIASTÓW 3, 66600, KROSNO ODRZAŃSKIE","52.0570411, 15.0988778"
102404,"UL. ZWYCIĘSTWA 1, 66100, SULECHÓW","52.0894465, 15.6223289"
110058,"UL. POMORSKA 251, 92213, ŁÓDŹ","51.7756913, 19.5065155"
20000769,"CHODKIEWICZA 44, 85667, BYDGOSZCZ","53.1309001, 18.0263548"
20000777,"POZNAŃSKA 97, 88100, INOWROCŁAW","52.7803581, 18.2635815"
20002410,"SŁOWACKIEGO 18, 87700, ALEKSANDRÓW KUJAWSKI","52.8741395, 18.6973873"
061/200233,"UL. LUDWIKA SOLSKIEGO 7C, 31216, KRAKÓW","50.08586810000001, 19.9457614"
064/100005,"UL. SZPITALNA 14, 34400, NOWY TARG","49.491183, 20.0326062"
064/100037,"UL. GŁADKIE 1, 34500, ZAKOPANE","49.297506, 19.9436955"
70000979,"NIEKŁAŃSKA 4/24, 03924, WARSZAWA","52.234333, 21.0625571"
70000991,"NOWOWIEJSKA 27, 00665, WARSZAWA","52.2195607, 21.0082825"
09R/010001,"UL. KS. JÓZEFA BIELAWSKIEGO 18, 36200, BRZOZÓW","49.6925765, 22.0248463"
09R/010011,"UL. TADEUSZA KOŚCIUSZKI 1, 37400, NISKO","50.5195115, 22.1435355"
09R/010021,"UL. STASZICA 4, 37450, STALOWA WOLA","50.5637313, 22.0677557"
09R/030655,"UL. KRZYWA 13, 60118, POZNAŃ-GRUNWALD","52.3818127, 16.8866929"
126/212018,"UL. ZAMKOWA 4, 41803, ZABRZE","50.325649, 18.8267682"
126/212109,"UL. PYSKOWICKA 47-51, 42612, TARNOWSKIE GÓRY","50.4400941, 18.8063335"
130000310,"JANA KILIŃSKIEGO 26, 27200, STARACHOWICE","51.0444738, 21.0831581"
130004894,"MAŁOGOSKA 25, 28300, JĘDRZEJÓW","50.6494688, 20.3025149"
121/213008,"UL. LEONA WYCZÓŁKOWSKIEGO 26/2, 41902, BYTOM","50.3465457, 18.9093972"
121/214551,"UL. BRYNOWSKA 44, 40650, KATOWICE","50.2354284, 18.9955033"
122/100333,"UL. JANA SOBIESKIEGO 83, 43300, BIELSKO-BIAŁA","49.8203354, 19.0292927"
122/200424,"UL. ZIELONKÓWKA 3, 43227, GRZAWA","49.9677242, 19.0458943"
122/207778,"UL. STANISŁAWA ŻÓŁKIEWSKIEGO 40, 43300, BIELSKO-BIAŁA","49.8264193, 19.023448"
123/214362,"UL. RĘDZIŃSKA 112, 42209, CZĘSTOCHOWA","50.8451884, 19.1854332"
140001521,"GDAŃSKA 17, 19300, EŁK","53.8289364, 22.3528657"
140001805,"GOŁDAPSKA 1, 19400, OLECKO","54.04219459999999, 22.4971744"
150000007,"SZPITALNA 2, 64600, OBORNIKI","52.6535953, 16.8165175"
150000013,"TRAUGUTTA 7, 62400, SŁUPCA","52.29111450000001, 17.8738952"
150000036,"GARBARY 15, 61866, POZNAŃ-STARE MIASTO","52.4021807, 16.9357791"
150003539,"WSCHOWSKA 3, 64200, WOLSZTYN","52.1167084, 16.1173207"
70001200,"BANACHA 1A, 02097, WARSZAWA","52.20992039999999, 20.9842957"
70001470,"AL. JANA PAWŁA II 120A, 07410, OSTROŁĘKA","53.0627389, 21.5895284"
70061893,"LEGNICKA 48/F, 54202, WROCŁAW","51.116781, 16.9959327"
70100223,"TADEUSZA KOŚCIUSZKI 28, 09402, PŁOCK","52.5398945, 19.6953597"
100000079,"DR  E. RITTLERA 2, 16500, SEJNY","54.10809, 23.3469"
100000359,"ALEJA NIEPODLEGŁOŚCI 9, 19100, MOŃKI","53.40644349999999, 22.804273"
120/214502,"UL. STRZELECKA 9, 40073, KATOWICE","50.2535172, 19.0061316"
3101057,"UL. HENRYKA MICHAŁA KAMIEŃSKIEGO 73A, 51124, WROCŁAW-PSIE POLE","51.1505201, 17.0444346"
3101061,"UL. GEN. AUGUSTA EMILA FIELDORFA 2, 54049, WROCŁAW","51.144468, 16.908376"
3101293,"UL. OŁBIŃSKA 32, 50233, WROCŁAW-ŚRÓDMIEŚCIE","51.1242591, 17.0363251"
3102245,"MIKOSZÓW 27, 57100, MIKOSZÓW","50.7742824, 17.0370767"
3201021,"UL. SZPITALNA 1A, 57300, KŁODZKO","50.4550729, 16.6598419"
3201023,"UL. LEŚNA 27-29, 58100, ŚWIDNICA","50.8317363, 16.4680948"
3202041,"UL. PIASTOWSKA 1, 58200, DZIERŻONIÓW","50.7341196, 16.6502281"
3401024,"UL. JELENIOGÓRSKA 4, 59700, BOLESŁAWIEC","51.2543124, 15.5675961"
150006106,"28 CZERWCA 1956R. 194, 61485, POZNAŃ-WILDA","52.3832339, 16.9123789"
150009135,"ZAKŁADOWA 5E, 62510, KONIN","52.2370955, 18.2406308"
150012758,"OS. STEFANA BATOREGO 80/ABD, 60687, POZNAŃ","52.4643283, 16.9201348"
160004071,"STEFANA OKRZEI 1A, 03715, WARSZAWA","52.2488549, 21.0298143"
70602336,"MOKRA 7, 05830, NADARZYN","52.0970482, 20.8215865"
70603043,"WARYŃSKIEGO 10 A, 00631, WARSZAWA","52.2158415, 21.0163414"
70603555,"RTM. WITOLDA PILECKIEGO 99, 02781, WARSZAWA","52.1389893, 21.0414395"
70604614,"AL. SOLIDARNOŚCI 67, 03401, WARSZAWA","52.251213, 21.0294529"
70606072,"AL. SOLIDARNOŚCI 12, 03411, WARSZAWA","52.261993, 21.0502242"
08R/10018,"UL. CURIE-SKŁODOWSKIEJ 16, 48340, GŁUCHOŁAZY","50.3157897, 17.3858056"
08R/10049,"UL. BOHATERÓW WARSZAWY 34, 48300, NYSA","50.4710411, 17.3290681"
110101,"UL. HENRYKA SIENKIEWICZA 137/141, 90302, ŁÓDŹ","51.75478220000001, 19.4636201"
210054,"UL. PRZEJAZD 6, 95040, KOLUSZKI","51.7398363, 19.8127756"
210514,"UL. ORKANA 3, 95054, KOLONIA WOLA ZARADZYŃSKA","51.6669339, 19.405839"
210760,"UL. GEN. JÓZEFA SOWIŃSKIEGO 46, 91485, ŁÓDŹ-BAŁUTY","51.8118585, 19.4489453"
061/100007,"UL. TOPOLOWA 16, 32500, CHRZANÓW","50.1355533, 19.4289082"
061/100010,"UL. PRĄDNICKA 80, 31202, KRAKÓW","50.09021389999999, 19.9365031"
30000684,"ALEJE JANA PAWŁA II 10, 22400, ZAMOŚĆ","50.7122995, 23.2884782"
30007040,"MŁYŃSKA 14A, 20406, LUBLIN","51.2329993, 22.5683156"
30007160,"ŻYTNIA 23, 08500, RYKI","51.621569352175406, 21.93035132586566"
102341,"UL. KRZYWA 13, 60118, POZNAŃ","52.3818127, 16.8866929"
102395,"UL. PSZENNA 2, 68200, ŻARY","51.6429419, 15.1521484"
20001061,"KASZTANOWA 57, 85605, BYDGOSZCZ","53.1353908, 18.0355148"
20002130,"LEŚNA 9A, 85079, BYDGOSZCZ","53.1376461, 18.0184869"
30000089,"ALEJA KRAŚNICKA 100, 20718, LUBLIN","51.2393525, 22.5033762"
30000091,"DR. K. JACZEWSKIEGO 8, 20090, LUBLIN","51.25789349999999, 22.5651027"
30000103,"PIŁSUDSKIEGO 28, 23100, BYCHAWA","51.0132292, 22.5372986"
061/100064,"UL. KRONIKARZA GALLA 25, 30053, KRAKÓW","50.0719851, 19.9122278"
061/200180,"UL. ORZECHÓWKA 36, 32300, SIENICZNO","50.2739869, 19.606184"
061/200528,"UL. HENRYKA SIEMIRADZKIEGO 1, 31137, KRAKÓW","50.069465, 19.9324429"
061/200734,"ALEJA PŁK. WŁADYSŁAWA BELINY-PRAŻMOWSKIEGO 60, 31514, KRAKÓW","50.0727911, 19.9583085"
061/400160,"UL. HENRYKA SIENKIEWICZA 34, 30033, KRAKÓW","50.0738107, 19.9281749"
063/100003,"UL. JÓZEFA IGNACEGO KRASZEWSKIEGO 142, 33380, KRYNICA-ZDRÓJ","49.4011388, 20.9542081"
70000974,"MIODOWA 2, 05100, NOWY DWÓR MAZOWIECKI","52.42005529999999, 20.7247755"
70001062,"WOŁOSKA 137, 02507, WARSZAWA","52.19974250000001, 20.9963556"
09R/010003,"UL. 3 MAJA 70, 37500, JAROSŁAW","50.0128268, 22.6936738"
09R/010004,"UL. LWOWSKA 22, 38200, JASŁO","49.7522866, 21.4806424"
09R/010008,"UL. ADAMA MICKIEWICZA 168, 37600, LUBACZÓW","50.1717017, 23.1231816"
09R/010047,"UL. KRAKOWSKA 16, 35111, RZESZÓW","50.0469839, 21.9823211"
09R/030690,"UL. ŻEROMSKIEGO 22, 39300, MIELEC","50.2884249, 21.4375291"
100000068,"M.C.SKŁODOWSKIEJ 24 A, 15276, BIAŁYSTOK","53.1246198, 23.1590983"
125/207650,"UL. KAROLA ADAMIECKIEGO 13, 41300, DĄBROWA GÓRNICZA","50.321378, 19.1985326"
140000551,"KRÓLEWIECKA 146, 82300, ELBLĄG","54.1790658, 19.4296262"
121/100376,"UL. STEFANA BATOREGO 15, 41902, BYTOM","50.3473192, 18.9086978"
121/100506,"UL. JANA PAWŁA II 2, 41100, SIEMIANOWICE ŚLĄSKIE","50.3049797, 19.0297324"
121/100559,"UL. RACIBORSKA 26, 40074, KATOWICE","50.2549283, 19.005381"
121/107024,"UL. BYTOMSKA 41, 41400, MYSŁOWICE","50.2466263, 19.1331533"
121/212056,"UL. LUDWIKA WARYŃSKIEGO 2, 43190, MIKOŁÓW","50.1743222, 18.9054835"
122/200320,"UL. ŻYWIECKA 71, 43300, BIELSKO-BIAŁA","49.8101602, 19.0562638"
122/202717,"AL. ARMII KRAJOWEJ 180, 43300, BIELSKO-BIAŁA","49.7856833, 19.0300594"
123/212086,"UL. KRYNICKA 1/3, 42221, CZĘSTOCHOWA","50.8253549, 19.0893544"
124/500120,"UL. BANKOWA 2, 44240, ŻORY","50.02973799999999, 18.7001641"
140003400,"MONIUSZKI 13, 14500, BRANIEWO","54.3748674, 19.8299911"
150000006,"GEN. WŁADYSŁAWA SIKORSKIEGO 9, 64980, TRZCIANKA","53.0396752, 16.4632599"
150002160,"KS. JÓZEFA PONIATOWSKIEGO 25, 62600, KOŁO","52.19986, 18.63847"
70001285,"ALPEJSKA 42, 04628, WARSZAWA","52.2175694, 21.1736754"
70001795,"ALEJA JANA PAWŁA II 9A, 26400, PRZYSUCHA","51.3598436, 20.6321055"
70200106,"LEGNICKA 48/BUD F., 54202, WROCŁAW","51.116781, 16.9959327"
70300493,"JULIANA ALEKSANDROWICZA 5, 26617, RADOM","51.4376077, 21.1584852"
100000090,"GEN. WŁADYSŁAWA SIKORSKIEGO 40, 16100, SOKÓŁKA","53.40919969999999, 23.4843977"
000012,"UL. SZCZECIŃSKA 16, 77300, CZŁUCHÓW","53.6610469, 17.3539758"
000099,"UL. JULIANA WĘGRZYNOWICZA 13, 84300, LĘBORK","54.4372088, 17.7396048"
000102,"UL. WILEŃSKA 44, 80215, GDAŃSK","54.3620622, 18.6048238"
001177,"UL. POWSTANIA STYCZNIOWEGO 9B, 81519, GDYNIA","54.4881632, 18.5494931"
001818,"UL. KURACYJNA 30, 82550, PRABUTY","53.7367173, 19.2077646"
120/214346,"RONDO IGNACEGO DASZYŃSKIEGO 4, 00843, WARSZAWA","52.231049, 20.985156"
3101059,"UL. KOSZAROWA 5, 51149, WROCŁAW","51.14284970000001, 17.0662866"
3101076,"UL. PRUSICKA 53/55, 55100, TRZEBNICA","51.3198962, 17.0580426"
3102943,"UL. ZAKŁADOWA 11, 50231, WROCŁAW-PSIE POLE","51.1302202, 17.0432342"
3122150,"UL. MARSOWA 8A, 52128, WROCŁAW","51.050162, 17.0941272"
3302010,"UL. LEGNICKA 5, 67200, GŁOGÓW","51.6496495, 16.0806271"
3402447,"UL. GUSTAWA MORCINKA 7, 59600, LWÓWEK ŚLĄSKI","51.1118609, 15.5858221"
150006520,"PODKOMORSKA 4, 62200, GNIEZNO","52.54248030000001, 17.6289401"
150008837,"LOTNICZA 3, 64920, PIŁA","53.1537093, 16.7164867"
150009381,"DRUSKIENICKA 17, 60476, POZNAŃ","52.4451698, 16.8876821"
160000761,"MĄCZNA 4, 70780, SZCZECIN","53.3706538, 14.6422381"
70606201,"RONDO DASZYŃSKIEGO 4, 00843, WARSZAWA","52.231049, 20.985156"
08R/10002,"UL. MONIUSZKI 8, 48210, BIAŁA","50.3869785, 17.6618469"
08R/10041,"UL. MIARKI 14, 46082, KUP","50.8041564, 17.8852892"
120003,"UL. 1 MAJA 13/15, 98330, PAJĘCZNO","51.1467016, 19.0006462"
130002,"UL. ZACHODNIA 6, 99100, ŁĘCZYCA","52.06017929999999, 19.1878785"
140042,"UL. CZAPLINIECKA 123, 97400, BEŁCHATÓW","51.3752576, 19.3506898"
210500,"UL. PRZĘDZALNIANA 66, 90338, ŁÓDŹ","51.7562477, 19.4832951"
210766,"UL. TYLNA 12, 90324, ŁÓDŹ-WIDZEW","51.7537807, 19.47305"
060/200140,"UL. KRZYWA 13, 60118, POZNAŃ","52.3818127, 16.8866929"
30002942,"CYLICHOWSKA 13/15, 04769, WARSZAWA","52.1946474, 21.1423188"
30004135,"SKAUTÓW 11B/21, 20055, LUBLIN","51.2557583, 22.536058"
040217,"UL. WINCENTEGO WITOSA 7, 69200, SULĘCIN","52.4372214, 15.1172386"
100324,"UL. SZPITALNA 5, 66440, SKWIERZYNA","52.593588, 15.505905"
20000746,"SZPITALNA 19, 85826, BYDGOSZCZ","53.1020559, 18.0474932"
20000771,"ŚW. FLORIANA 12, 85030, BYDGOSZCZ","53.1222213, 18.0091597"
20001856,"CHEŁMIŃSKA 74, 86300, GRUDZIĄDZ","53.4769865, 18.745377"
20003356,"KRZYWA 13, 60118, POZNAŃ","52.3818127, 16.8866929"
30000106,"CHOPINA 13, 23200, KRAŚNIK","50.9321551, 22.2236606"
061/100128,"OSIEDLE NA SKARPIE 66, 31913, KRAKÓW","50.06588929999999, 20.0460971"
064/100021,"UL. SZPITALNA 22, 34200, SUCHA BESKIDZKA","49.7365606, 19.6046773"
064/100036,"UL. PROFESORA RUDNIKA 3B, 34700, RABKA-ZDRÓJ","49.6049745, 19.9706922"
064/200053,"UL. SŁONECZNA 3, 34700, RABKA-ZDRÓJ","49.6087898, 19.9704813"
065/200161,"UL. SZEWSKA 12, 33100, TARNÓW","50.0093508, 20.9910219"
08R/20412,"UL. OLESKA 97, 45222, OPOLE","50.6804387, 17.9376639"
09R/010002,"UL. KRAKOWSKA 91, 39200, DĘBICA","50.0384045, 21.3944233"
09R/010007,"UL. LEŚNA 22, 37300, LEŻAJSK","50.2723713, 22.4034095"
09R/010041,"UL. TADEUSZA KOŚCIUSZKI 18, 37500, JAROSŁAW","50.0184913, 22.6699322"
100000018,"FABRYCZNA 27, 15471, BIAŁYSTOK","53.139446, 23.1656398"
125/100599,"UL. ZBIGNIEWA OLEŚNICKIEGO 21, 42470, SIEWIERZ","50.47357359999999, 19.2388546"
125/111151,"UL. EMILA ZEGADŁOWICZA 3, 41200, SOSNOWIEC","50.2699808, 19.1323791"
126/210314,"UL. WOLNOŚCI 163, 41800, ZABRZE","50.30560699999999, 18.7632472"
126/212043,"UL. NIEPODLEGŁOŚCI 8, 44190, KNURÓW","50.2214023, 18.6686282"
126/212410,"UL. ŚREDNIA 8, 44100, GLIWICE","50.2938449, 18.6639569"
130000107,"SZPITALNA 1, 26110, SKARŻYSKO-KAMIENNA","51.1255442, 20.869769"
130000205,"KAROLA SZYMANOWSKIEGO 11, 27400, OSTROWIEC ŚWIĘTOKRZYSKI","50.9525488, 21.3613765"
130003049,"KRZYWA 13, 60118, POZNAŃ","52.3818127, 16.8866929"
140000421,"SKŁODOWSKIEJ 12, 12100, SZCZYTNO","53.5278996, 21.0435057"
121/100474,"UL. 1 MAJA 9, 41100, SIEMIANOWICE ŚLĄSKIE","50.3049415, 19.0337982"
122/100164,"UL. JULIANA FAŁATA 2, 43360, BYSTRA","49.7652231, 19.0673863"
123/100327,"UL. ALEJA WOLNOŚCI 29, 42300, MYSZKÓW","50.5716776, 19.3042771"
124/100098,"UL. BRACKA 13, 44300, WODZISŁAW ŚLĄSKI","49.9962235, 18.4882609"
150000001,"POLNA 33, 60535, POZNAŃ-JEŻYCE","52.4095509, 16.8954635"
70001208,"SŁOMIŃSKIEGO 19/524, 00195, WARSZAWA","52.2551239, 20.9853162"
70001793,"NIEPODLEGŁOŚCI 1, 26670, PIONKI","51.4753504, 21.4443578"
70060181,"SYROKOMLI 32, 03335, WARSZAWA","52.2853839, 21.0290765"
100002680,"FABRYCZNA 39, 15482, BIAŁYSTOK","53.1401198, 23.1681996"
100005081,"MARII KONOPNICKIEJ 11, 16300, AUGUSTÓW","53.8508773, 22.9955221"
000005,"UL. DĘBINKI 7, 80952, GDAŃSK","54.3659878, 18.6257578"
000191,"UL. POLANKI 117, 80305, GDAŃSK","54.3938402, 18.5671706"
001339,"UL. KRZYWA 13, 60118, POZNAŃ","52.3818127, 16.8866929"
001533,"UL. FLORIANA CEYNOWY 7, 83300, KARTUZY","54.3367854, 18.1979584"
3101054,"PL. LUDWIKA HIRSZFELDA 12, 53413, WROCŁAW","51.09562750000001, 17.0176411"
3103979,"UL. LEGNICKA 59/U7, 51162, WROCŁAW","51.12472169999999, 16.9863495"
3202094,"UL. KRZYWA 13, 60118, POZNAŃ","52.3818127, 16.8866929"
3402119,"UL. SANATORYJNA 1, 58580, SZKLARSKA PORĘBA","50.84748560000001, 15.5477006"
3502001,"UL. LEGNICKA 48/BUD.F, 54202, WROCŁAW","51.116781, 16.9959327"
3502006,"UL. LEGNICKA 48 BUD.F, 54202, WROCŁAW-FABRYCZNA","51.116781, 16.9959327"
150009084,"KRASZEWSKIEGO 4, 64920, PIŁA","53.1537049, 16.7175047"
150010183,"ZAOLZIAŃSKA 4, 53334, WROCŁAW-KRZYKI","51.0969816, 17.0256782"
160000726,"NIECHORSKA 27, 72300, GRYFICE","53.9238338, 15.1746458"
160000762,"KS.PIOTRA SKARGI 9-11, 70965, SZCZECIN","53.4416773, 14.5411381"
160002713,"JANA PAWŁA II 2, 74200, PYRZYCE","53.1469888, 14.8955464"
70605337,"SANATORYJNA 1, 43450, USTROŃ","49.7246979, 18.8252108"
08R/10032,"UL. 24 KWIETNIA 5, 47200, KĘDZIERZYN-KOŹLE","50.3322654, 18.1496722"
08R/10065,"UL. WODOCIĄGOWA 4, 45221, OPOLE","50.6757292, 17.9407078"
210084,"UL. JANA PAWŁA II 68, 95200, PABIANICE","51.6520308, 19.3302689"
210508,"UL. LUTOMIERSKA 146, 91041, ŁÓDŹ","51.7874615, 19.4288121"
061/100011,"OSIEDLE NA WZGÓRZACH 17B, 31723, KRAKÓW","50.0993447, 20.0638163"
061/100019,"UL. WROCŁAWSKA 1-3, 30901, KRAKÓW","50.0752525, 19.9343427"
30000604,"KLUKOWSKIEGO 3, 22460, SZCZEBRZESZYN","50.6948235, 22.9794788"
30006535,"ALEJE JANA PAWŁA II 10, 22400, ZAMOŚĆ","50.712387789101314, 23.288488827177698"
110014,"UL. STEFANA ŻEROMSKIEGO 113, 90549, ŁÓDŹ","51.7605382, 19.4467787"
20000773,"ŚW. JÓZEFA 53-59, 87100, TORUŃ","53.0282581, 18.5816342"
20004602,"KOPERKOWA 2, 86031, OSIELSKO","53.1773111, 18.0626809"
20100026,"KOPPA 1E, 87400, GOLUB-DOBRZYŃ","53.108973, 19.069803"
30000105,"PROF. ANTONIEGO GĘBALI 6, 20093, LUBLIN","51.2602091, 22.5614285"
061/100221,"UL. SZPITALNA 3, 32200, MIECHÓW","50.3539617, 20.034835"
061/200114,"UL. GEN. ROMUALDA TRAUGUTTA 57/59, 50417, WROCŁAW","51.1038783, 17.0491102"
061/200284,"AL. PŁK. WŁADYSŁAWA BELINY-PRAŻMOWSKIEGO 60, 31514, KRAKÓW","50.0727911, 19.9583085"
70000990,"BURSZTYNOWA 2, 04749, WARSZAWA","52.2036835, 21.1825558"
08R/20501,"UL. MARII CURIE-SKŁODOWSKIEJ 1, 48300, NYSA","50.4766766, 17.3353434"
09R/010006,"UL. KAZIMIERZA WIELKIEGO 4, 38600, LESKO","49.4703873, 22.3304802"
09R/030526,"UL. FRYDERYKA SZOPENA 1, 35055, RZESZÓW","50.035787, 22.009937"
09R/030715,"UL. BOREK 13, 39400, TARNOBRZEG","50.5653, 21.6694149"
09R/030832,"UL. 800-LECIA 26, 38500, SANOK","49.5537218, 22.2003934"
09R/031508,"UL. KRAKOWSKA 39A, 37500, JAROSŁAW","50.023537, 22.640596"
130000193,"PROSTA 30, 25371, KIELCE","50.8624028, 20.6365068"
130000200,"11-GO LISTOPADA 78, 28200, STASZÓW","50.5629974, 21.1659309"
130000233,"GRUNWALDZKA 45, 25736, KIELCE","50.8742095, 20.6013118"
140000583,"GRUNWALDZKA 10B, 11040, DOBRE MIASTO","53.9848812, 20.403265"
122/100149,"UL. ŻYWIECKA 19, 43365, WILKOWICE","49.7726847, 19.0910929"
122/100151,"ISTEBNA 500, 43470, ISTEBNA","49.56939029999999, 18.8871967"
125/100468,"PL. MEDYKÓW 1, 41200, SOSNOWIEC","50.303431, 19.1224484"
140001146,"ALEJA WARSZAWSKA 30, 10082, OLSZTYN","53.7733465, 20.4707495"
140001169,"WOJSKA POLSKIEGO 37, 10228, OLSZTYN","53.7931463, 20.4833708"
140002529,"STEFANA OKRZEI 1A, 03715, WARSZAWA","52.2488549, 21.0298143"
150000050,"POZNAŃSKA 15, 62200, GNIEZNO","52.53206789999999, 17.5772923"
150000055,"SZPITALNA 27/33, 60572, POZNAŃ-JEŻYCE","52.4117645, 16.8792108"
150002223,"WOJSKA POLSKIEGO 6, 62510, KONIN","52.21460250000001, 18.2547258"
150003556,"KIEPURY 45, 64100, LESZNO","51.8394045, 16.6066586"
70001799,"TOMASZOWSKA 43 43, 26420, NOWE MIASTO NAD PILICĄ","51.61698459999999, 20.5645554"
70060829,"CYLICHOWSKA 13/15, 04769, WARSZAWA","52.1946474, 21.1423188"
100000088,"DOC. ADAMA DOWGIRDA 9, 17200, HAJNÓWKA","52.7456861, 23.6096853"
000018,"UL. LEŚNA 10, 89600, CHOJNICE","53.71224369999999, 17.5480576"
002229,"UL. ŻOŁNIERZY I DYWIZJI WOJSKA POLSKIEGO 29A, 84230, RUMIA","54.584077, 18.3989946"
121/100010,"UL. STRZELCÓW BYTOMSKICH 11, 41500, CHORZÓW","50.2923993, 18.9438947"
3101074,"UL. KRZYSZTOFA KAMILA BACZYŃSKIEGO 1, 55200, OŁAWA","50.9520997, 17.2853527"
3202195,"UL. PARKOWA 3, 58351, SOKOŁOWSKO","50.6850398, 16.2362176"
3301161,"UL. JAROSŁAWA IWASZKIEWICZA 5, 59220, LEGNICA","51.2083028, 16.2166637"
3401001,"UL. LEONA WYCZÓŁKOWSKIEGO 15, 59920, BOGATYNIA","50.9024195, 14.9727782"
150004176,"PLAC ARMII POZNAŃ 3, 63000, ŚRODA WIELKOPOLSKA","52.22959239999999, 17.2782862"
160000760,"KOŁOBRZESKA 44, 78600, WAŁCZ","53.2821382, 16.4593301"
160005185,"SZPITALNA 5, 78320, POŁCZYN-ZDRÓJ","53.76283309999999, 16.0898581"
70603339,"KS. PIOTRA SKARGI 10, 05600, GRÓJEC","51.8678028, 20.8674095"
08R/10006,"UL. SERGIUSZA MOSSORA 1, 49301, BRZEG","50.8577346, 17.476453"
110108,"UL. OKÓLNA 181, 91520, ŁÓDŹ","51.8491013, 19.4756102"
140045,"UL. PARTYZANTÓW 30, 26300, OPOCZNO","51.3789437, 20.2780721"
210318,"UL. WSPÓLNA 6, 91464, ŁÓDŹ","51.7955021, 19.4485969"
210488,"UL. INŻ. PILOTA WIGURY 19, 90302, ŁÓDŹ","51.7560985, 19.4635278"
210649,"UL. MOKRA 4, 91034, ŁÓDŹ","51.7906535, 19.4253416"
240110,"UL. JANA PAWŁA II 35, 97200, TOMASZÓW MAZOWIECKI","51.5227675, 20.0062838"
060/200298,"UL. LEGNICKA 48/BUD. F, 54202, WROCŁAW","51.116781, 16.9959327"
30000108,"FABRYCZNA 4, 24320, PONIATOWA","51.1865086, 22.0702091"
30000109,"ALEJA MAŁACHOWSKIEGO 5, 24140, NAŁĘCZÓW","51.28534210000001, 22.2105835"
30000418,"WISZNICKA 111, 21300, RADZYŃ PODLASKI","51.7719268, 22.6070555"
30007489,"SZPITALNA 4C, 23204, KRAŚNIK","50.961203116828955, 22.166795098350413"
102708,"UL. 1 MAJA 30, 67100, NOWA SÓL","51.80344, 15.71707"
102778,"UL. HENRYKOWSKA 1, 67300, SZPROTAWA","51.5673336, 15.5533382"
20000747,"BATOREGO 17/19, 87100, TORUŃ","53.0221382, 18.6212862"
20001898,"BOHATERÓW WRZEŚNIA 1A, 87400, GOLUB-DOBRZYŃ","53.109344, 19.0606429"
20002494,"SZPITALNA 30, 88400, ŻNIN","52.8469766, 17.7166905"
20004856,"SZTURMOWA 2, 02678, MOKOTÓW","52.1698675, 21.0153473"
30000086,"BOLESŁAWA LEŚMIANA 4, 21040, ŚWIDNIK","51.2206687, 22.698098"
30000104,"JANA ZAMOYSKIEGO 149, 23300, JANÓW LUBELSKI","50.7025581, 22.4337291"
061/200207,"UL. UJASTEK 3, 31752, KRAKÓW","50.0811057, 20.0691592"
061/200494,"UL. CYLICHOWSKA 13/15, 04769, WARSZAWA","52.1946474, 21.1423188"
061/201027,"UL. DOBREGO PASTERZA 207A, 31416, KRAKÓW","50.0902957, 19.9816786"
063/200012,"SZCZYRZYC 107, 34623, SZCZYRZYC","49.7815607, 20.1904772"
064/100032,"UL. KAMIENIEC 10, 34500, ZAKOPANE","49.30432140000001, 19.9557401"
70000971,"CEGŁOWSKA 80, 01809, WARSZAWA","52.286706, 20.9505855"
09R/010038,"UL. SZPITALNA 1, 39400, TARNOBRZEG","50.5677059, 21.6706657"
126/100035,"UL. WYBRZEŻE ARMII KRAJOWEJ 15, 44102, GLIWICE","50.30186080000001, 18.6650498"
130000111,"PARTYZANTÓW 12, 28500, KAZIMIERZA WIELKA","50.2686242, 20.4862358"
130000203,"ARMII KRAJOWEJ 22, 28400, PIŃCZÓW","50.5176242, 20.5298754"
130002646,"GRUNWALDZKA 45, 25736, KIELCE","50.8742095, 20.6013118"
121/211925,"UL. GEN. ROMUALDA TRAUGUTTA 57/59, 50417, WROCŁAW","51.1038783, 17.0491102"
121/212114,"UL. CICHA 27, 43100, TYCHY","50.11903400000001, 18.9823489"
122/200468,"UL. JAROSŁAWA DĄBROWSKIEGO 3/1, 43300, BIELSKO-BIAŁA","49.8257074, 19.042766"
122/202791,"UL. GRAŻYNY 9, 43300, BIELSKO-BIAŁA","49.811481, 19.035058"
122/214327,"UL. POLA LISICKICH 80, 34300, ŻYWIEC","49.6672504, 19.2242528"
140004566,"BOTANICZNA 11, 14500, BRANIEWO","54.3805949, 19.8262161"
140004595,"AL. RACŁAWICKIE 23, 20049, LUBLIN","51.2513289, 22.5340255"
140004929,"WARSZAWSKA 41, 11500, GIŻYCKO","54.0381097, 21.7824971"
150000009,"PODUCHOWNE 1, 62700, TUREK","52.0145541, 18.5009145"
150002423,"CZĘSTOCHOWSKA 71-75, 62800, KALISZ","51.7467629, 18.0962588"
150003557,"SZPITALNA 7, 63600, KĘPNO","51.2766515, 17.984045"
150003604,"SUKIENNICZA 13, 64500, SZAMOTUŁY","52.61142359999999, 16.5816212"
70001180,"SZPITALNA 56, 09300, ŻUROMIN","53.07004070000001, 19.9199389"
70001789,"ALEJA POKOJU 5, 26700, ZWOLEŃ","51.3552354, 21.582468"
70001798,"BODZENTYŃSKA 17, 27100, IŁŻA","51.1612586, 21.2340194"
100000089,"JANUSZA KORCZAKA 23, 18100, ŁAPY","52.98808409999999, 22.867691"
100002229,"BRONIEWSKIEGO 4, 15748, BIAŁYSTOK","53.141117, 23.133643"
100004098,"BOLESŁAWA CHROBREGO 16A/2, 15057, BIAŁYSTOK","53.1301049, 23.1864492"
000024,"UL. GRUNWALDZKA 1/3, 81759, SOPOT","54.4448166, 18.5695659"
000085,"UL. NOWE OGRODY 1-6, 80803, GDAŃSK","54.3510064, 18.6374884"
000863,"UL. ZIELONA 8, 76200, SŁUPSK","54.4535601, 17.0292651"
001444,"UL. 500-LECIA 23, 82200, MALBORK","54.023692, 19.0157514"
001596,"UL. DRA JÓZEFA BALEWSKIEGO 1, 83200, STAROGARD GDAŃSKI","53.9806424, 18.5214513"
001896,"UL. MORSKA 7/1-2, 81323, GDYNIA","54.5211048, 18.5257596"
001963,"UL. GEN. WYBICKIEGO 30, 77200, MIASTKO","54.01166980000001, 16.9824973"
121/100012,"UL. ZJEDNOCZENIA 10, 41500, CHORZÓW","50.2917605, 18.9527958"
3102867,"UL. ELIZY ORZESZKOWEJ 55/57, 50311, WROCŁAW","51.1227709, 17.0539355"
3102929,"UL. OŁAWSKA 9, 50123, WROCŁAW","51.1085149, 17.0345698"
3122025,"UL. BITWY WARSZAWSKIEJ 1920 R. 18, 02366, WARSZAWA","52.2148908, 20.9667702"
3402008,"UL. SANATORYJNA 15, 58530, KOWARY","50.8091465, 15.8383668"
150005134,"SŁOWIAŃSKA 41, 64100, LESZNO","51.842532, 16.5693117"
150005424,"MATEJKI 7/1, 60766, POZNAŃ","52.4040685, 16.9001139"
150008350,"SZPITALNA 1, 63200, JAROCIN","51.969932, 17.5051412"
150008628,"STRAŻY LUDOWEJ 37, 60465, POZNAŃ-JEŻYCE","52.4586599, 16.8890709"
150008893,"CHEŁMOŃSKIEGO 1, 63100, ŚREM","52.0890374, 17.0063865"
150011942,"PILCZYCKA 144-148, 54144, WROCŁAW","51.14113889999999, 16.9561064"
70600130,"PODLEŚNA 61, 01673, WARSZAWA","52.2812496, 20.9621761"
70600216,"KACZA 8, 01013, WARSZAWA","52.2408131, 20.980148"
70604589,"GRENADIERÓW 51/59, 04073, WARSZAWA","52.2424106, 21.0782107"
70604610,"PL. SOKRATESA STARYNKIEWICZA 1/3, 02015, WARSZAWA","52.2243043, 20.9950755"
08R/10053,"UL. WALEREGO WRÓBLEWSKIEGO 46, 45759, OPOLE","50.6598379, 17.8951762"
08R/10055,"UL. WŁADYSŁAWA REYMONTA 8, 45066, OPOLE","50.6660652, 17.9291554"
08R/10062,"UL. KRAKOWSKA 44, 45075, OPOLE","50.6633684, 17.9253586"
08R/10285,"UL. STEFANA OKRZEI 1/A, 03715, WARSZAWA","52.24895910000001, 21.0295912"
08R/20360,"UL. SZPITALNA 14, 48200, PRUDNIK","50.3235999, 17.5693055"
209234,"UL. SANATORYJNA 1, 43450, USTROŃ","49.7246979, 18.8252108"
210005,"UL. ANDRZEJA STRUGA 3, 90420, ŁÓDŹ","51.7657289, 19.4559087"
240035,"UL. MIRECKIEGO 90, 97200, TOMASZÓW MAZOWIECKI","51.5294812, 20.0327318"
240059,"UL. ŚW. MARKA 2, 26300, OPOCZNO","51.3805398, 20.2873381"
30000603,"ALEJE GRUNWALDZKIE 1, 22600, TOMASZÓW LUBELSKI","50.4428411, 23.4159131"
30003271,"PEOWIAKÓW 1, 22400, ZAMOŚĆ","50.7239517, 23.2547853"
30003861,"GÓRSKIEGO 5, 24140, NAŁĘCZÓW","51.28567, 22.215293"
020227,"CIBÓRZ 5, 66213, CIBÓRZ","52.1462882, 15.4017031"
110043,"UL. PABIANICKA 62, 93513, ŁÓDŹ","51.7323509, 19.4569376"
20000716,"I.ROMANOWSKIEJ 2, 85796, BYDGOSZCZ","53.1454616, 18.1169925"
20000765,"SEMINARYJNA 1, 85326, BYDGOSZCZ","53.1212329, 17.9836374"
20002028,"NOWODWORSKIEGO 14-18, 89500, TUCHOLA","53.58953229999999, 17.8625138"
20002226,"SZUBIŃSKA 93-95, 85312, BYDGOSZCZ","53.1159924, 17.9681303"
061/200266,"UL. KOŁO STRZELNICY 3, 30219, KRAKÓW","50.0635673, 19.8803766"
061/200324,"OSIEDLE ZŁOTEJ JESIENI 1, 31826, KRAKÓW","50.09317129999999, 20.0190229"
063/200005,"UL. UJASTEK 3, 31752, KRAKÓW","50.0811057, 20.0691592"
70000970,"GDYŃSKA 1/3, 05200, WOŁOMIN","52.3465676, 21.2215011"
70000983,"BATALIONÓW CHŁOPSKICH 3/7, 96500, SOCHACZEW","52.2388139, 20.2290657"
08R/20627,"UL. KŁOSOWA 7, 47206, KĘDZIERZYN-KOŹLE","50.3511811, 18.1630538"
09R/010037,"UL. MONTE CASSINO 18, 37700, PRZEMYŚL","49.80718400000001, 22.7851178"
09R/030106,"UL. WOJSKA POLSKIEGO 5, 37450, STALOWA WOLA","50.5754068, 22.0554506"
09R/030976,"UL. CYLICHOWSKA 13/15, 04769, WARSZAWA","52.1946474, 21.1423188"
126/100212,"UL. GLIWICKA 5, 44180, TOSZEK","50.4523665, 18.5225436"
130000201,"DR. ZYGMUNTA SCHINZLA 13, 27600, SANDOMIERZ","50.69837039999999, 21.7523577"
130003014,"MIELCZARSKIEGO 105/3-4, 25726, KIELCE","50.8739155, 20.6165745"
121/100229,"UL. PANEWNICKA 65, 40760, KATOWICE","50.2261468, 18.9590482"
121/200888,"UL. SZYBOWA 2A, 41808, ZABRZE","50.3435379, 18.829859"
121/208628,"UL. ŻELAZNA 1, 40851, KATOWICE","50.2672112, 19.0083882"
121/211946,"UL. MIKOŁOWSKA 1, 41400, MYSŁOWICE","50.2394695, 19.1377882"
121/212426,"UL. JANOWSKA 19, 41400, MYSŁOWICE","50.2363452, 19.1202671"
121/214156,"UL. FRANCUSKA 98A/42, 40168, KATOWICE","50.2412691, 19.027423"
122/212571,"UL. BYSTRZAŃSKA 94B, 43309, BIELSKO-BIAŁA","49.7824114, 19.0667794"
123/100402,"UL. SOBIESKIEGO 9, 42700, LUBLINIEC","50.66448889999999, 18.6826196"
123/210804,"UL. DEKABRYSTÓW 17/19, 42218, CZĘSTOCHOWA","50.8253607, 19.1108722"
140003772,"KRÓLEWIECKA 146, 82300, ELBLĄG","54.1790658, 19.4296262"
150000072,"MICKIEWICZA 2, 60834, POZNAŃ-JEŻYCE","52.4135106, 16.9128735"
70001198,"BANACHA 1A, 02097, WARSZAWA","52.20992039999999, 20.9842957"
70001265,"CHOCIMSKA 24, 00791, WARSZAWA","52.2110552, 21.0230386"
70001992,"POWSTAŃCÓW WIELKOPOLSKICH 2, 06400, CIECHANÓW","52.8836586, 20.63533"
70060571,"GAGARINA 1, 26600, RADOM","51.3844664, 21.1582898"
100002220,"ŚW. ROCHA 12A, 15879, BIAŁYSTOK","53.1342282, 23.1413976"
000013,"UL. HUBALCZYKÓW 1, 76200, SŁUPSK","54.4510238, 17.0612636"
001817,"UL. POLANKI 119, 80308, GDAŃSK","54.3952211, 18.5624737"
001948,"UL. ALOJZEGO PIECHOWSKIEGO 36, 83400, KOŚCIERZYNA","54.1213966, 17.9494822"
120/212492,"UL. KRZYWA 13, 60118, POZNAŃ","52.3818127, 16.8866929"
3101047,"UL. PODRÓŻNICZA 26-28, 53208, WROCŁAW","51.0900489, 16.9885933"
3102079,"UL. WANDY RUTKIEWICZ 25A, 50571, WROCŁAW","51.07290020000001, 17.0392486"
3201032,"UL. ALFREDA SOKOŁOWSKIEGO 4, 58309, WAŁBRZYCH","50.8014843, 16.277153"
3402118,"UL. MYŚLIWSKA 13, 58540, KARPACZ","50.7807886, 15.7413555"
150004111,"TĘCZOWA 3, 62090, KOBYLNIKI","52.4743302, 16.746829"
150007437,"SŁOWACKIEGO 2, 62300, WRZEŚNIA","52.3249611, 17.5725138"
150008298,"22 STYCZNIA 41, 89300, WYRZYSK","53.1487946, 17.2727512"
160000730,"NOWOGARDZKA 2, 72100, GOLENIÓW","53.56944379999999, 14.8342022"
160000736,"MIESZKA I 7, 72600, ŚWINOUJŚCIE","53.9097212, 14.25824"
160000749,"POWSTAŃCÓW WIELKOPOLSKICH 72, 70111, SZCZECIN","53.4074158, 14.5303268"
160000907,"CHAŁUBIŃSKIEGO 7, 75581, KOSZALIN","54.1979389, 16.2132775"
160001235,"SZPITALNA 2, 75720, KOSZALIN","54.18780570000001, 16.1850746"
160002458,"ZWYCIĘSTWA 119, 75601, KOSZALIN","54.1905692, 16.1922745"
70603204,"ŻYTNIA 16/C, 01014, WARSZAWA","52.24059630000001, 20.9810884"
08R/10061,"UL. KATOWICKA 66A, 45060, OPOLE","50.6716527, 17.9376942"
08R/20338,"UL. LEGNICKA 48/BUD.F, 54202, WROCŁAW","51.116781, 16.9959327"
210491,"UL. ARMII KRAJOWEJ 43A, 94046, ŁÓDŹ","51.7465961, 19.4014083"
220003,"UL. KRÓLEWSKA 29, 98220, ZDUŃSKA WOLA","51.6043596, 18.9421917"
220333,"OS. WARSZAWSKA 104, 98400, WIERUSZÓW","51.2958679, 18.1636042"
060/200160,"UL. FRANCISZKA KLIMCZAKA 17/80, 02797, WARSZAWA","52.16012199999999, 21.072985"
060/200336,"UL. LEGNICKA 48F, 54202, WROCŁAW","51.1166977, 16.995508"
061/100005,"UL. SKARBOWA 4, 31121, KRAKÓW","50.0636495, 19.9264078"
30000414,"WARSZAWSKA 2-4, 21560, MIĘDZYRZEC PODLASKI","51.98462989999999, 22.7874382"
30000686,"PIŁSUDSKIEGO 11, 22500, HRUBIESZÓW","50.8026574, 23.8923923"
30006006,"PRZEMYSŁOWA 4A, 24300, OPOLE LUBELSKIE","51.1460599, 21.9761816"
042361,"UL. WAZÓW 42, 65044, ZIELONA GÓRA","51.9419505, 15.5203207"
100043,"UL. PIŁSUDSKIEGO 8, 66530, DREZDENKO","52.8346098, 15.8258272"
20006359,"Szubińska 93, 85312, Bydgoszcz","53.116101869916086, 17.968462893914246"
061/200227,"UL. STEFANA ROGOZIŃSKIEGO 5, 31559, KRAKÓW","50.0574595, 19.9639901"
061/200231,"UL. ORLICH GNIAZD 8/13, 01493, WARSZAWA","52.2507685, 20.9206413"
70000962,"PARTYZANTÓW 2/4, 05802, PRUSZKÓW","52.1690054, 20.8254075"
09R/010005,"UL. GRUNWALDZKA 4, 36100, KOLBUSZOWA","50.2428028, 21.7621522"
09R/030780,"UL. ADAMA MICKIEWICZA 168, 37600, LUBACZÓW","50.1717017, 23.1231816"
100000065,"ALEJA JÓZEFA PIŁSUDSKIEGO 11, 18404, ŁOMŻA","53.16056460000001, 22.085552"
126/101003,"UL. MARII CURIE-SKŁODOWSKIEJ 9, 41800, ZABRZE","50.313189, 18.7801709"
130000188,"GIMNAZJALNA 41B, 26200, KOŃSKIE","51.190387, 20.3916828"
130001321,"OSIEDLE NA STOKU 63A, 25437, KIELCE","50.8936958, 20.662949"
130002629,"JANA NOWAKA JEZIORAŃSKIEGO 75, 25408, KIELCE","50.89045609999999, 20.6673703"
130004609,"ŚW. LEONARDA 1/20, 25311, KIELCE","50.8692906, 20.635003"
140000806,"WAŃKOWICZA 5, 10684, OLSZTYN","53.75383369999999, 20.4940668"
121/210793,"UL. SZPITALNA 6, 41100, SIEMIANOWICE ŚLĄSKIE","50.3043353, 19.0308534"
122/202829,"UL. KRÓTKA 4, 43502, CZECHOWICE-DZIEDZICE","49.9093654, 19.004961"
123/108020,"UL. MIROWSKA 15, 42200, CZĘSTOCHOWA","50.81283149999999, 19.134114"
124/200885,"UL. KAZIMIERZA PRZERWY-TETMAJERA 150, 44280, RYDUŁTOWY","50.0672199, 18.4312918"
140001850,"KĘTRZYŃSKIEGO 5/7A, 10506, OLSZTYN","53.7822289, 20.4959441"
140002266,"LILIOWA 20, 10687, BARTĄG","53.7213915, 20.4789967"
150000065,"28 CZERWCA1956 R 135/147, 61545, POZNAŃ-WILDA","52.3903112, 16.9198672"
70001479,"DUBOISA 68, 07300, OSTRÓW MAZOWIECKA","52.7988935, 21.912925"
70001665,"SZPITALNA 37, 05300, MIŃSK MAZOWIECKI","52.1729111, 21.5785047"
70061605,"BAGNO 2/WEJSCIE E LOK.3, 00112, WARSZAWA","52.2360398, 21.0054291"
100000358,"M. C. SKŁODOWSKIEJ 15, 16200, DĄBROWA BIAŁOSTOCKA","53.653655, 23.3479762"
100003681,"WĘGLOWA 6, 15121, BIAŁYSTOK","53.1454026, 23.1736386"
100005057,"STEFANA OKRZEI 1A, 03715, WARSZAWA","52.2488549, 21.0298143"
001403,"UL. CYLICHOWSKA 13/15, 04769, WARSZAWA","52.1946474, 21.1423188"
3102075,"UL. ŁOWIECKA 24, 50220, WROCŁAW","51.1248692, 17.0271953"
3202132,"UL. JANUSZA KUSOCIŃSKIEGO 3A, 57300, KŁODZKO","50.4302478, 16.6487745"
150005976,"OBORNICKA 262, 60693, POZNAŃ","52.4482229, 16.9077603"
150006000,"WILKOŃSKICH 16, 62020, SWARZĘDZ","52.3999367, 17.079686"
150007789,"GEN. GROTA ROWECKIEGO 6, 63900, RAWICZ","51.6156671, 16.8431878"
150008323,"STRZELECKA 48B, 61846, POZNAŃ","52.3999277, 16.9350948"
150011526,"BARANA 15, 61244, POZNAŃ","52.39294289999999, 16.9902151"
160000908,"UNII LUBELSKIEJ 1, 71252, SZCZECIN","53.4491041, 14.5048716"
160003837,"PARKOWA 5, 74100, GRYFINO","53.25498950000001, 14.4911358"
160004583,"SANATORYJNA 1, 43450, USTROŃ","49.7246979, 18.8252108"
70603652,"WIERZEJEWSKIEGO 12, 05510, KONSTANCIN-JEZIORNA","52.0816844, 21.1138619"
70603688,"MICKIEWICZA 39, 05500, PIASECZNO","52.06237849999999, 21.0252953"
70603854,"BRZESKA 131, 08110, SIEDLCE","52.1540338, 22.2989771"
70604868,"ODKRYTA 44B/A1, 03140, WARSZAWA","52.3336471, 20.940888"
70605172,"TEOFILA KWIATKOWSKIEGO 19, 06102, PUŁTUSK","52.6940824, 21.1145141"
08R/20352,"UL. CZĘSTOCHOWSKA 31, 46040, OZIMEK","50.6818018, 18.2205276"
130004,"UL. UŁAŃSKA 28, 99400, ŁOWICZ","52.0992273, 19.9279962"
140039,"UL. RAKOWSKA 15, 97300, PIOTRKÓW TRYBUNALSKI","51.4189857, 19.714621"
140043,"UL. JAGIELLOŃSKA 36, 97500, RADOMSKO","51.0571488, 19.4602084"
061/100014,"UL. MIKOŁAJA KOPERNIKA 36, 31501, KRAKÓW","50.0630402, 19.9512761"
30002936,"SPOKOJNA 17/9, 20066, LUBLIN","51.2523676, 22.5538343"
020210,"UL. POZNAŃSKA 109, 66300, MIĘDZYRZECZ","52.44767659999999, 15.6179222"
100667,"UL. ANIELI KRZYWOŃ 2, 65001, ZIELONA GÓRA","51.9290434, 15.4888363"